URL,Version,Status,OIDs,Name,Title,Description,Uses,Used,Sources
http://hl7.org/cda/stds/core/ValueSet/BinaryDataEncoding,2.0.3-sd,draft,,BinaryDataEncoding,CDABinaryDataEncoding,"Identifies the representation of binary data in a text field","StructureDefinition/fr-cda-traitement-prescrit-subordonne,StructureDefinition/fr-cda-prelevement,StructureDefinition/fr-cda-statut-du-probleme,StructureDefinition/fr-cda-statut,StructureDefinition/fr-cda-statut-clinique-du-patient,StructureDefinition/fr-cda-evaluation,StructureDefinition/fr-cda-allergie-ou-hypersensibilite,StructureDefinition/fr-cda-dicom-sop-instance-observation-subordonnee,StructureDefinition/fr-cda-traitement-dispense,StructureDefinition/fr-cda-dicom-technique-imagerie,StructureDefinition/fr-cda-resultat,StructureDefinition/fr-cda-dicom-observation-subordonnee,StructureDefinition/fr-cda-dicom-administration-radiopharmaceutique,StructureDefinition/fr-cda-transport-du-patient,StructureDefinition/fr-cda-observation-sur-echelle-douleur,StructureDefinition/fr-cda-type-document-attache,StructureDefinition/fr-cda-organisme-assurance-maladie,StructureDefinition/fr-cda-dicom-observation,StructureDefinition/fr-cda-simple-observation,StructureDefinition/fr-cda-criticite,StructureDefinition/fr-cda-vaccin-recommande,StructureDefinition/fr-cda-signe-vital-observe,StructureDefinition/fr-cda-acte,StructureDefinition/fr-cda-synthese-medicale-sejour,StructureDefinition/fr-cda-evaluation-composant-n2,StructureDefinition/fr-cda-recherche-de-micro-organismes,StructureDefinition/fr-cda-dispositif-medical,StructureDefinition/fr-cda-dicom-quantite-subordonnee,StructureDefinition/fr-cda-transport-du-professionnel,StructureDefinition/fr-cda-dicom-administration-produit-de-sante,StructureDefinition/fr-cda-batterie-examens-de-biologie-medicale,StructureDefinition/fr-cda-directive-anticipee,StructureDefinition/fr-cda-transfusion-de-produits-sanguins,StructureDefinition/fr-cda-en-rapport-avec-accident-travail,StructureDefinition/fr-cda-modalite-sortie,StructureDefinition/fr-cda-traitement-subordonne,StructureDefinition/fr-cda-modalite-entree,StructureDefinition/fr-cda-document-attache,StructureDefinition/fr-cda-severite,StructureDefinition/fr-cda-rencontre,StructureDefinition/fr-cda-certitude,StructureDefinition/fr-cda-traitement-prescrit,StructureDefinition/fr-cda-resultat-examens-de-biologie-element-clinique-pertinent,StructureDefinition/fr-cda-commentaire-er,StructureDefinition/fr-cda-accidents-transfusionnels,StructureDefinition/fr-cda-evenement-indesirable-pendant-hospitalisation,StructureDefinition/fr-cda-notes-du-dispensateur,StructureDefinition/fr-cda-en-rapport-avec-ald,StructureDefinition/fr-cda-references-externes,StructureDefinition/fr-cda-antecedent-familial-observe,StructureDefinition/fr-cda-vaccination,StructureDefinition/fr-cda-non-remboursable,StructureDefinition/fr-cda-traitement,StructureDefinition/fr-cda-evaluation-composant,StructureDefinition/fr-cda-dicom-sop-instance-observation,StructureDefinition/fr-cda-probleme,StructureDefinition/fr-cda-evenement,StructureDefinition/fr-cda-evenement-indesirable-suite-administration-derives-sang,StructureDefinition/fr-cda-administration-de-derives-du-sang,StructureDefinition/fr-cda-statut-document,StructureDefinition/fr-cda-demande-d-examen-ou-de-suivi,StructureDefinition/fr-cda-produit-de-sante,StructureDefinition/fr-cda-en-rapport-avec-la-prevention","hl7.cda.uv.core"
http://hl7.org/cda/stds/core/ValueSet/CDAActClass,2.0.3-sd,draft,,CDAActClass,CDAActClass,"A code specifying the major type of Act that this Act-instance represents.","StructureDefinition/fr-cda-traitement-subordonne,StructureDefinition/fr-cda-dicom-administration-radiopharmaceutique,StructureDefinition/fr-cda-clinical-document,StructureDefinition/fr-cda-traitement-prescrit-subordonne,StructureDefinition/fr-cda-reference-item-prescription,StructureDefinition/fr-cda-authorization,StructureDefinition/fr-cda-rencontre,StructureDefinition/fr-cda-dose-antigene,StructureDefinition/fr-cda-traitement,StructureDefinition/fr-cda-vaccination,StructureDefinition/fr-cda-traitement-prescrit,StructureDefinition/fr-cda-service-event,StructureDefinition/fr-cda-encompassing-encounter,StructureDefinition/fr-cda-vaccin-recommande,StructureDefinition/fr-cda-evenement,StructureDefinition/fr-cda-item-plan-traitement,StructureDefinition/fr-cda-reference-item-plan-traitement,StructureDefinition/fr-cda-order,StructureDefinition/fr-cda-dicom-administration-produit-de-sante","THO (V3)"
http://hl7.org/cda/stds/core/ValueSet/CDAActClassObservation,2.0.3-sd,draft,,CDAActClassObservation,CDAActClassObservation,"An act that is intended to result in new information about a subject. The main difference between Observations and other Acts is that Observations have a value attribute.","StructureDefinition/fr-cda-dicom-cadres-a-afficher,StructureDefinition/fr-cda-traitement-prescrit-subordonne,StructureDefinition/fr-cda-instruction-au-patient,StructureDefinition/fr-cda-dicom-cadres-references,StructureDefinition/fr-cda-statut-du-probleme,StructureDefinition/fr-cda-statut,StructureDefinition/fr-cda-statut-clinique-du-patient,StructureDefinition/fr-cda-evaluation,StructureDefinition/fr-cda-allergie-ou-hypersensibilite,StructureDefinition/fr-cda-dicom-sop-instance-observation-subordonnee,StructureDefinition/fr-cda-image-illustrative,StructureDefinition/fr-cda-resultat,StructureDefinition/fr-cda-dicom-observation-subordonnee,StructureDefinition/fr-cda-dicom-objectifs-de-reference,StructureDefinition/fr-cda-observation-sur-echelle-douleur,StructureDefinition/fr-cda-effet-indesirable,StructureDefinition/fr-cda-type-document-attache,StructureDefinition/fr-cda-dicom-observation,StructureDefinition/fr-cda-simple-observation,StructureDefinition/fr-cda-imputabilite-effet-indesirable,StructureDefinition/fr-cda-criticite,StructureDefinition/fr-cda-signe-vital-observe,StructureDefinition/fr-cda-synthese-medicale-sejour,StructureDefinition/fr-cda-evaluation-composant-n2,StructureDefinition/fr-cda-item-plan-traitement,StructureDefinition/fr-cda-recherche-de-micro-organismes,StructureDefinition/fr-cda-dicom-quantite-subordonnee,StructureDefinition/fr-cda-directive-anticipee,StructureDefinition/fr-cda-transfusion-de-produits-sanguins,StructureDefinition/fr-cda-en-rapport-avec-accident-travail,StructureDefinition/fr-cda-evolution-effet-indesirable,StructureDefinition/fr-cda-modalite-sortie,StructureDefinition/fr-cda-traitement-subordonne,StructureDefinition/fr-cda-modalite-entree,StructureDefinition/fr-cda-dicom-quantite,StructureDefinition/fr-cda-document-attache,StructureDefinition/fr-cda-severite,StructureDefinition/fr-cda-certitude,StructureDefinition/fr-cda-habitus-mode-de-vie,StructureDefinition/fr-cda-traitement-prescrit,StructureDefinition/fr-cda-resultat-examens-de-biologie-element-clinique-pertinent,StructureDefinition/fr-cda-identification-micro-organismes-multiresistants,StructureDefinition/fr-cda-hors-amm,StructureDefinition/fr-cda-observation-sur-la-grossesse,StructureDefinition/fr-cda-gravite-effet-indesirable,StructureDefinition/fr-cda-accidents-transfusionnels,StructureDefinition/fr-cda-evenement-indesirable-pendant-hospitalisation,StructureDefinition/fr-cda-en-rapport-avec-ald,StructureDefinition/fr-cda-rang-de-la-vaccination,StructureDefinition/fr-cda-antecedent-familial-observe,StructureDefinition/fr-cda-non-remboursable,StructureDefinition/fr-cda-traitement,StructureDefinition/fr-cda-evaluation-composant,StructureDefinition/fr-cda-dicom-sop-instance-observation,StructureDefinition/fr-cda-probleme,StructureDefinition/fr-cda-evenement-indesirable-suite-administration-derives-sang,StructureDefinition/fr-cda-administration-de-derives-du-sang,StructureDefinition/fr-cda-statut-document,StructureDefinition/fr-cda-demande-d-examen-ou-de-suivi,StructureDefinition/fr-cda-en-rapport-avec-la-prevention","THO (V3)"
http://hl7.org/cda/stds/core/ValueSet/CDAActMood,2.0.3-sd,draft,,CDAActMood,CDAActMood,"A code distinguishing whether an Act is conceived of as a factual statement or in some other manner as a command, possibility, goal, etc.","StructureDefinition/fr-cda-antecedents-medicaux,StructureDefinition/fr-cda-problemes-actifs,StructureDefinition/fr-cda-isolat-microbiologique,StructureDefinition/fr-cda-cr-bio-sous-chapitre,StructureDefinition/fr-cda-clinical-document,StructureDefinition/fr-cda-authorization,StructureDefinition/fr-cda-cr-bio-chapitre,StructureDefinition/fr-cda-facteurs-de-risque-professionnels-non-code,StructureDefinition/fr-cda-resultats-de-biologie-de-seconde-intention,StructureDefinition/fr-cda-document-pdf-copie,StructureDefinition/fr-cda-parent-document,StructureDefinition/fr-cda-historique-des-grossesses,StructureDefinition/fr-cda-raison-de-la-recommandation,StructureDefinition/fr-cda-image-illustrative,StructureDefinition/fr-cda-resultats-examens,StructureDefinition/fr-cda-statut-fonctionnel,StructureDefinition/fr-cda-allergies-et-hypersensibilites,StructureDefinition/fr-cda-naissance,StructureDefinition/fr-cda-dicom-demande-examen,StructureDefinition/fr-cda-dispensation-medicaments,StructureDefinition/fr-cda-signes-vitaux,StructureDefinition/fr-cda-encompassing-encounter,StructureDefinition/fr-cda-resultats-evenements,StructureDefinition/fr-cda-traitements,StructureDefinition/fr-cda-dicom-examen-comparatif,StructureDefinition/fr-cda-resultats-examens-non-code,StructureDefinition/fr-cda-dicom-resultats,StructureDefinition/fr-cda-antecedents-familiaux,StructureDefinition/fr-cda-section-signes-vitaux,StructureDefinition/fr-cda-section-antecedents-familiaux,StructureDefinition/fr-cda-batterie-examens-de-biologie-medicale,StructureDefinition/fr-cda-directive-anticipee,StructureDefinition/fr-cda-historique-de-la-grossesse,StructureDefinition/fr-cda-section-resultats,StructureDefinition/fr-cda-documents-ajoutes,StructureDefinition/fr-cda-document-attache,StructureDefinition/fr-cda-dicom-addendum,StructureDefinition/fr-cda-traitement-prescrit,StructureDefinition/fr-cda-dicom-historique-medical,StructureDefinition/fr-cda-dicom-informations-cliniques,StructureDefinition/fr-cda-service-event,StructureDefinition/fr-dispositifs-medicaux,StructureDefinition/fr-cda-plan-de-soins,StructureDefinition/fr-cda-groupe-de-questionnaires-d-evaluation,StructureDefinition/fr-cda-resultats,StructureDefinition/fr-cda-statut-du-document,StructureDefinition/fr-cda-code-a-barres,StructureDefinition/fr-cda-fonctions-physiques,StructureDefinition/fr-cda-effets-indesirables,StructureDefinition/fr-cda-prescription-dispositifs-medicaux,StructureDefinition/fr-cda-references-externes,StructureDefinition/fr-cda-prescription-medicaments,StructureDefinition/fr-cda-commentaire-non-code,StructureDefinition/fr-cda-section-habitus-mode-de-vie,StructureDefinition/fr-cda-traitements-a-la-sortie,StructureDefinition/fr-cda-historique-des-actes,StructureDefinition/fr-cda-dicom-conclusion,StructureDefinition/fr-cda-probleme,StructureDefinition/fr-cda-dicom-object-catalog,StructureDefinition/fr-cda-points-de-vigilances-non-code,StructureDefinition/fr-cda-dicom-acte-imagerie,StructureDefinition/fr-cda-education-du-patient,StructureDefinition/fr-cda-vaccinations,StructureDefinition/fr-cda-raison-de-la-recommandation-non-code,StructureDefinition/fr-cda-traitements-administres,StructureDefinition/fr-cda-dicom-exposition-aux-radiations,StructureDefinition/fr-cda-dicom-complications","THO (V3)"
http://hl7.org/cda/stds/core/ValueSet/CDAActMoodIntent,2.0.3-sd,draft,,CDAActMoodIntent,CDAActMoodIntent,"An intention or plan to perform a service.","StructureDefinition/fr-cda-order","THO (V3)"
http://hl7.org/cda/stds/core/ValueSet/CDAActRelationshipType,2.0.3-sd,draft,,CDAActRelationshipType,CDAActRelationshipType,"A code specifying the meaning and purpose of every ActRelationship instance. Each of its values implies specific constraints to what kinds of Act objects can be related and in which way.","StructureDefinition/fr-cda-dicom-cadres-a-afficher,StructureDefinition/fr-cda-traitement-prescrit-subordonne,StructureDefinition/fr-cda-instruction-au-patient,StructureDefinition/fr-cda-dicom-cadres-references,StructureDefinition/fr-cda-statut-du-probleme,StructureDefinition/fr-cda-statut,StructureDefinition/fr-cda-statut-clinique-du-patient,StructureDefinition/fr-cda-evaluation,StructureDefinition/fr-cda-allergie-ou-hypersensibilite,StructureDefinition/fr-cda-dicom-sop-instance-observation-subordonnee,StructureDefinition/fr-cda-resultat,StructureDefinition/fr-cda-dicom-observation-subordonnee,StructureDefinition/fr-cda-dicom-objectifs-de-reference,StructureDefinition/fr-cda-observation-sur-echelle-douleur,StructureDefinition/fr-cda-effet-indesirable,StructureDefinition/fr-cda-type-document-attache,StructureDefinition/fr-cda-documentation-of,StructureDefinition/fr-cda-dicom-observation,StructureDefinition/fr-cda-simple-observation,StructureDefinition/fr-cda-imputabilite-effet-indesirable,StructureDefinition/fr-cda-criticite,StructureDefinition/fr-cda-signe-vital-observe,StructureDefinition/fr-cda-synthese-medicale-sejour,StructureDefinition/fr-cda-evaluation-composant-n2,StructureDefinition/fr-cda-item-plan-traitement,StructureDefinition/fr-cda-recherche-de-micro-organismes,StructureDefinition/fr-cda-dicom-quantite-subordonnee,StructureDefinition/fr-cda-directive-anticipee,StructureDefinition/fr-cda-transfusion-de-produits-sanguins,StructureDefinition/fr-cda-en-rapport-avec-accident-travail,StructureDefinition/fr-cda-evolution-effet-indesirable,StructureDefinition/fr-cda-modalite-sortie,StructureDefinition/fr-cda-traitement-subordonne,StructureDefinition/fr-cda-modalite-entree,StructureDefinition/fr-cda-dicom-quantite,StructureDefinition/fr-cda-severite,StructureDefinition/fr-cda-certitude,StructureDefinition/fr-cda-habitus-mode-de-vie,StructureDefinition/fr-cda-traitement-prescrit,StructureDefinition/fr-cda-resultat-examens-de-biologie-element-clinique-pertinent,StructureDefinition/fr-cda-identification-micro-organismes-multiresistants,StructureDefinition/fr-cda-hors-amm,StructureDefinition/fr-cda-observation-sur-la-grossesse,StructureDefinition/fr-cda-gravite-effet-indesirable,StructureDefinition/fr-cda-accidents-transfusionnels,StructureDefinition/fr-cda-evenement-indesirable-pendant-hospitalisation,StructureDefinition/fr-cda-en-rapport-avec-ald,StructureDefinition/fr-cda-rang-de-la-vaccination,StructureDefinition/fr-cda-antecedent-familial-observe,StructureDefinition/fr-cda-non-remboursable,StructureDefinition/fr-cda-traitement,StructureDefinition/fr-cda-evaluation-composant,StructureDefinition/fr-cda-dicom-sop-instance-observation,StructureDefinition/fr-cda-probleme,StructureDefinition/fr-cda-evenement-indesirable-suite-administration-derives-sang,StructureDefinition/fr-cda-administration-de-derives-du-sang,StructureDefinition/fr-cda-statut-document,StructureDefinition/fr-cda-demande-d-examen-ou-de-suivi,StructureDefinition/fr-cda-en-rapport-avec-la-prevention","THO (V3)"
http://hl7.org/cda/stds/core/ValueSet/CDAActSubstanceAdministrationCode,2.0.3-sd,draft,,CDAActSubstanceAdministrationCode,CDAActSubstanceAdministrationCode,"Describes the type of substance administration being performed.","StructureDefinition/fr-cda-traitement-subordonne,StructureDefinition/fr-cda-dicom-administration-radiopharmaceutique,StructureDefinition/fr-cda-traitement-prescrit-subordonne,StructureDefinition/fr-cda-reference-item-prescription,StructureDefinition/fr-cda-item-plan-traitement,StructureDefinition/fr-cda-reference-item-plan-traitement,StructureDefinition/fr-cda-dose-antigene,StructureDefinition/fr-cda-traitement-prescrit,StructureDefinition/fr-cda-dicom-administration-produit-de-sante","THO (V3)"
http://hl7.org/cda/stds/core/ValueSet/CDACompressionAlgorithm,2.0.3-sd,draft,,CDACompressionAlgorithm,CDACompressionAlgorithm,"Type of compression algorithm used - limited to 4 concepts from original CDA definition","StructureDefinition/fr-cda-traitement-prescrit-subordonne,StructureDefinition/fr-cda-prelevement,StructureDefinition/fr-cda-statut-du-probleme,StructureDefinition/fr-cda-statut,StructureDefinition/fr-cda-statut-clinique-du-patient,StructureDefinition/fr-cda-evaluation,StructureDefinition/fr-cda-allergie-ou-hypersensibilite,StructureDefinition/fr-cda-dicom-sop-instance-observation-subordonnee,StructureDefinition/fr-cda-traitement-dispense,StructureDefinition/fr-cda-dicom-technique-imagerie,StructureDefinition/fr-cda-resultat,StructureDefinition/fr-cda-dicom-observation-subordonnee,StructureDefinition/fr-cda-dicom-administration-radiopharmaceutique,StructureDefinition/fr-cda-transport-du-patient,StructureDefinition/fr-cda-observation-sur-echelle-douleur,StructureDefinition/fr-cda-type-document-attache,StructureDefinition/fr-cda-organisme-assurance-maladie,StructureDefinition/fr-cda-dicom-observation,StructureDefinition/fr-cda-simple-observation,StructureDefinition/fr-cda-criticite,StructureDefinition/fr-cda-vaccin-recommande,StructureDefinition/fr-cda-signe-vital-observe,StructureDefinition/fr-cda-acte,StructureDefinition/fr-cda-synthese-medicale-sejour,StructureDefinition/fr-cda-evaluation-composant-n2,StructureDefinition/fr-cda-recherche-de-micro-organismes,StructureDefinition/fr-cda-dispositif-medical,StructureDefinition/fr-cda-dicom-quantite-subordonnee,StructureDefinition/fr-cda-transport-du-professionnel,StructureDefinition/fr-cda-dicom-administration-produit-de-sante,StructureDefinition/fr-cda-batterie-examens-de-biologie-medicale,StructureDefinition/fr-cda-directive-anticipee,StructureDefinition/fr-cda-transfusion-de-produits-sanguins,StructureDefinition/fr-cda-en-rapport-avec-accident-travail,StructureDefinition/fr-cda-modalite-sortie,StructureDefinition/fr-cda-traitement-subordonne,StructureDefinition/fr-cda-modalite-entree,StructureDefinition/fr-cda-document-attache,StructureDefinition/fr-cda-severite,StructureDefinition/fr-cda-rencontre,StructureDefinition/fr-cda-certitude,StructureDefinition/fr-cda-traitement-prescrit,StructureDefinition/fr-cda-resultat-examens-de-biologie-element-clinique-pertinent,StructureDefinition/fr-cda-commentaire-er,StructureDefinition/fr-cda-accidents-transfusionnels,StructureDefinition/fr-cda-evenement-indesirable-pendant-hospitalisation,StructureDefinition/fr-cda-notes-du-dispensateur,StructureDefinition/fr-cda-en-rapport-avec-ald,StructureDefinition/fr-cda-references-externes,StructureDefinition/fr-cda-antecedent-familial-observe,StructureDefinition/fr-cda-vaccination,StructureDefinition/fr-cda-non-remboursable,StructureDefinition/fr-cda-traitement,StructureDefinition/fr-cda-evaluation-composant,StructureDefinition/fr-cda-dicom-sop-instance-observation,StructureDefinition/fr-cda-probleme,StructureDefinition/fr-cda-evenement,StructureDefinition/fr-cda-evenement-indesirable-suite-administration-derives-sang,StructureDefinition/fr-cda-administration-de-derives-du-sang,StructureDefinition/fr-cda-statut-document,StructureDefinition/fr-cda-demande-d-examen-ou-de-suivi,StructureDefinition/fr-cda-produit-de-sante,StructureDefinition/fr-cda-en-rapport-avec-la-prevention","THO (V3)"
http://hl7.org/cda/stds/core/ValueSet/CDAContextControl,2.0.3-sd,draft,,CDAContextControl,CDAContextControl,"A code that specifies how an ActRelationship or Participation contributes to the context of an Act, and whether it may be propagated to descendent Acts whose association allows such propagation.","StructureDefinition/fr-cda-author,StructureDefinition/fr-cda-legal-authenticator,StructureDefinition/fr-cda-patient-avec-sujet-non-humain,StructureDefinition/fr-cda-isolat-microbiologique,StructureDefinition/fr-cda-informant-apsr,StructureDefinition/fr-cda-rencontre,StructureDefinition/fr-cda-prelevement,StructureDefinition/fr-cda-sujet-non-humain,StructureDefinition/fr-cda-organisme-assurance-maladie,StructureDefinition/fr-cda-informant,StructureDefinition/fr-cda-record-target,StructureDefinition/fr-cda-evaluation,StructureDefinition/fr-cda-participant-apsr,StructureDefinition/fr-cda-allergie-ou-hypersensibilite,StructureDefinition/fr-cda-antecedents-familiaux,StructureDefinition/fr-cda-dispositif-medical,StructureDefinition/fr-cda-data-enterer,StructureDefinition/fr-cda-participant-entete,StructureDefinition/fr-cda-sujet,StructureDefinition/fr-cda-resultats-examens-de-biologie-medicale,StructureDefinition/fr-cda-participant-corps","THO (V3)"
http://hl7.org/cda/stds/core/ValueSet/CDAEntityCode,2.0.3-sd,draft,,CDAEntityCode,CDAEntityCode,"A value representing the specific kind of Entity the instance represents.","StructureDefinition/fr-cda-isolat-microbiologique,StructureDefinition/fr-cda-allergie-ou-hypersensibilite,StructureDefinition/fr-cda-antecedents-familiaux,StructureDefinition/fr-cda-dispositif-medical,StructureDefinition/fr-cda-rencontre,StructureDefinition/fr-cda-prelevement,StructureDefinition/fr-cda-authoring-device,StructureDefinition/fr-cda-organisme-assurance-maladie","THO (V3)"
http://hl7.org/cda/stds/core/ValueSet/CDAEntityNameUse,2.0.3-sd,draft,,CDAEntityNameUse,CDAEntityNameUse,"A set of codes advising a system or user which name in a set of names to select for a given purpose - limited to values allowed in original CDA definition","StructureDefinition/fr-cda-patient,StructureDefinition/fr-cda-name","THO (V3)"
http://hl7.org/cda/stds/core/ValueSet/CDAInformationRecipientRole,2.0.3-sd,draft,,CDAInformationRecipientRole,CDAInformationRecipientRole,"Used to represent the role(s) of those who should receive a copy of a document - limited to values allowed in original CDA definition","StructureDefinition/fr-cda-intended-recipient","THO (V3)"
http://hl7.org/cda/stds/core/ValueSet/CDAMaterialEntityClassType,2.0.3-sd,draft,,CDAMaterialEntityClassType,CDAMaterialEntityClassType,"Types of Material for EntityClass “MAT”","StructureDefinition/FRCDAMaterialPharm,StructureDefinition/fr-cda-dicom-administration-radiopharmaceutique,StructureDefinition/fr-cda-reference-item-prescription,StructureDefinition/fr-cda-reference-item-plan-traitement,StructureDefinition/fr-cda-dicom-administration-produit-de-sante,StructureDefinition/fr-cda-produit-de-sante","THO (V3)"
http://hl7.org/cda/stds/core/ValueSet/CDANullFlavor,2.0.3-sd,draft,,CDANullFlavor,CDANullFlavor,"CDA NullFlavors - limited to values allowed in original CDA definition","StructureDefinition/fr-cda-reference-item-prescription,StructureDefinition/fr-cda-statut,StructureDefinition/fr-cda-facteurs-de-risque-professionnels-non-code,StructureDefinition/fr-cda-allergie-ou-hypersensibilite,StructureDefinition/fr-cda-parent-document,StructureDefinition/fr-cda-dicom-observation-subordonnee,StructureDefinition/fr-cda-resultats-examens,StructureDefinition/fr-cda-allergies-et-hypersensibilites,StructureDefinition/fr-cda-informant-apsr,StructureDefinition/fr-cda-naissance,StructureDefinition/fr-cda-organisme-assurance-maladie,StructureDefinition/fr-cda-informant,StructureDefinition/fr-cda-intended-recipient,StructureDefinition/fr-cda-instructions-au-patient,StructureDefinition/fr-cda-vaccin-recommande,StructureDefinition/fr-cda-acte,StructureDefinition/fr-cda-evaluation-composant-n2,StructureDefinition/fr-cda-dicom-resultats,StructureDefinition/fr-cda-recherche-de-micro-organismes,StructureDefinition/fr-cda-section-signes-vitaux,StructureDefinition/fr-cda-represented-organization,StructureDefinition/fr-cda-batterie-examens-de-biologie-medicale,StructureDefinition/fr-cda-assigned-entity,StructureDefinition/fr-cda-patient-role,StructureDefinition/fr-cda-dicom-addendum,StructureDefinition/fr-cda-habitus-mode-de-vie,StructureDefinition/fr-cda-identification-micro-organismes-multiresistants,StructureDefinition/fr-cda-hors-amm,StructureDefinition/fr-cda-statut-du-document,StructureDefinition/fr-cda-reference-item-plan-traitement,StructureDefinition/fr-cda-code-a-barres,StructureDefinition/fr-cda-related-document,StructureDefinition/fr-cda-participant-corps,StructureDefinition/fr-cda-performer,StructureDefinition/fr-cda-antecedent-familial-observe,StructureDefinition/fr-cda-commentaire-non-code,StructureDefinition/fr-cda-assigned-author,StructureDefinition/fr-cda-section-habitus-mode-de-vie,StructureDefinition/fr-cda-historique-des-actes,StructureDefinition/fr-cda-evenement,StructureDefinition/fr-cda-encounter-participant,StructureDefinition/fr-cda-points-de-vigilances-non-code,StructureDefinition/fr-cda-order,StructureDefinition/fr-cda-dicom-acte-imagerie,StructureDefinition/fr-cda-vaccinations,StructureDefinition/fr-cda-demande-d-examen-ou-de-suivi,StructureDefinition/fr-cda-en-rapport-avec-la-prevention,StructureDefinition/fr-cda-patient,StructureDefinition/fr-cda-antecedents-medicaux,StructureDefinition/fr-cda-isolat-microbiologique,StructureDefinition/fr-cda-dicom-cadres-references,StructureDefinition/fr-cda-sujet-non-humain,StructureDefinition/FRCDAMaterialPharm,StructureDefinition/fr-cda-dicom-sop-instance-observation-subordonnee,StructureDefinition/fr-cda-historique-des-grossesses,StructureDefinition/fr-cda-resultat,StructureDefinition/fr-cda-transport-du-patient,StructureDefinition/fr-cda-observation-sur-echelle-douleur,StructureDefinition/fr-cda-health-care-facility,StructureDefinition/fr-cda-dicom-demande-examen,StructureDefinition/fr-cda-dispensation-medicaments,StructureDefinition/fr-cda-signes-vitaux,StructureDefinition/fr-cda-synthese-medicale-sejour,StructureDefinition/fr-cda-dicom-quantite-subordonnee,StructureDefinition/cisis-addr,StructureDefinition/fr-cda-directive-anticipee,StructureDefinition/fr-cda-modalite-sortie,StructureDefinition/fr-cda-documents-ajoutes,StructureDefinition/fr-cda-dicom-quantite,StructureDefinition/fr-cda-laboratoire-executant,StructureDefinition/fr-cda-sujet-personne,StructureDefinition/fr-cda-dicom-exposition-patient,StructureDefinition/fr-cda-resultats,StructureDefinition/fr-cda-authenticator,StructureDefinition/fr-cda-accidents-transfusionnels,StructureDefinition/fr-cda-legal-authenticator,StructureDefinition/fr-cda-notes-du-dispensateur,StructureDefinition/fr-cda-en-rapport-avec-ald,StructureDefinition/fr-cda-assigned-person,StructureDefinition/fr-cda-dicom-examen-imagerie,StructureDefinition/cisis-telecom,StructureDefinition/fr-cda-liste-des-allergies-et-hypersensibilites,StructureDefinition/fr-cda-evenement-indesirable-suite-administration-derives-sang,StructureDefinition/fr-cda-periode-de-renouvellement,StructureDefinition/fr-cda-dicom-exposition-aux-radiations,StructureDefinition/fr-cda-dicom-cadres-a-afficher,StructureDefinition/fr-cda-patient-avec-sujet-non-humain,StructureDefinition/fr-cda-clinical-document,StructureDefinition/fr-cda-dose-antigene,StructureDefinition/fr-cda-prelevement,StructureDefinition/fr-cda-authorization,StructureDefinition/fr-cda-instruction-au-patient,StructureDefinition/fr-cda-statut-clinique-du-patient,StructureDefinition/fr-cda-autorisation-substitution,StructureDefinition/fr-cda-resultats-de-biologie-de-seconde-intention,StructureDefinition/fr-cda-evaluation,StructureDefinition/fr-cda-reference-interne,StructureDefinition/fr-cda-sujet,StructureDefinition/fr-cda-image-illustrative,StructureDefinition/fr-cda-dicom-technique-imagerie,StructureDefinition/fr-cda-statut-fonctionnel,StructureDefinition/fr-cda-effet-indesirable,StructureDefinition/fr-cda-liste-des-problemes,StructureDefinition/fr-cda-type-document-attache,StructureDefinition/fr-cda-represented-custodian-organization,StructureDefinition/fr-cda-resultats-evenements,StructureDefinition/fr-cda-criticite,StructureDefinition/fr-cda-signe-vital-observe,StructureDefinition/fr-cda-dicom-examen-comparatif,StructureDefinition/fr-cda-associated-entity,StructureDefinition/fr-cda-transfusion-de-produits-sanguins,StructureDefinition/fr-cda-section-resultats,StructureDefinition/fr-cda-evolution-effet-indesirable,StructureDefinition/fr-cda-severite,StructureDefinition/fr-cda-rencontre,StructureDefinition/fr-cda-dicom-serie-imagerie,StructureDefinition/fr-cda-resultat-examens-de-biologie-element-clinique-pertinent,StructureDefinition/fr-cda-traitement-prescrit,StructureDefinition/fr-cda-dicom-informations-cliniques,StructureDefinition/fr-cda-observation-sur-la-grossesse,StructureDefinition/fr-cda-fonctions-physiques,StructureDefinition/fr-cda-information-recipient,StructureDefinition/fr-cda-evenement-indesirable-pendant-hospitalisation,StructureDefinition/fr-cda-prescription-dispositifs-medicaux,StructureDefinition/fr-cda-rang-de-la-vaccination,StructureDefinition/fr-cda-references-externes,StructureDefinition/fr-cda-traitement,StructureDefinition/fr-cda-evaluation-composant,StructureDefinition/fr-cda-dicom-sop-instance-observation,StructureDefinition/fr-cda-dicom-conclusion,StructureDefinition/fr-cda-dicom-object-catalog,StructureDefinition/fr-cda-statut-document,StructureDefinition/fr-cda-raison-de-la-recommandation-non-code,StructureDefinition/fr-cda-produit-de-sante,StructureDefinition/fr-cda-acte-substitution,StructureDefinition/fr-cda-traitements-administres,StructureDefinition/fr-cda-problemes-actifs,StructureDefinition/fr-cda-cr-bio-sous-chapitre,StructureDefinition/fr-cda-traitement-prescrit-subordonne,StructureDefinition/fr-cda-cr-bio-chapitre,StructureDefinition/fr-cda-statut-du-probleme,StructureDefinition/fr-cda-authoring-device,StructureDefinition/fr-cda-performer-corps,StructureDefinition/fr-cda-prescription,StructureDefinition/fr-cda-document-pdf-copie,StructureDefinition/fr-cda-inFulfillment-of,StructureDefinition/fr-cda-raison-de-la-recommandation,StructureDefinition/fr-cda-traitement-dispense,StructureDefinition/fr-cda-dicom-administration-radiopharmaceutique,StructureDefinition/fr-cda-name,StructureDefinition/fr-cda-dicom-objectifs-de-reference,StructureDefinition/fr-cda-documentation-of,StructureDefinition/fr-cda-dicom-observation,StructureDefinition/fr-cda-record-target,StructureDefinition/fr-cda-simple-observation,StructureDefinition/fr-cda-encompassing-encounter,StructureDefinition/fr-cda-component-of,StructureDefinition/fr-cda-imputabilite-effet-indesirable,StructureDefinition/fr-cda-traitements,StructureDefinition/fr-cda-participant-role,StructureDefinition/fr-cda-resultats-examens-non-code,StructureDefinition/fr-cda-item-plan-traitement,StructureDefinition/fr-cda-antecedents-familiaux,StructureDefinition/fr-cda-data-enterer,StructureDefinition/fr-cda-dispositif-medical,StructureDefinition/fr-cda-participant-entete,StructureDefinition/fr-cda-transport-du-professionnel,StructureDefinition/fr-cda-section-antecedents-familiaux,StructureDefinition/fr-cda-dicom-administration-produit-de-sante,StructureDefinition/fr-cda-instructions-au-dispensateur,StructureDefinition/fr-cda-historique-de-la-grossesse,StructureDefinition/fr-cda-en-rapport-avec-accident-travail,StructureDefinition/fr-cda-author,StructureDefinition/fr-cda-modalite-entree,StructureDefinition/fr-cda-traitement-subordonne,StructureDefinition/fr-cda-document-attache,StructureDefinition/fr-cda-certitude,StructureDefinition/fr-cda-dicom-historique-medical,StructureDefinition/fr-cda-service-event,StructureDefinition/fr-dispositifs-medicaux,StructureDefinition/fr-cda-plan-de-soins,StructureDefinition/fr-cda-groupe-de-questionnaires-d-evaluation,StructureDefinition/fr-cda-assigned-custodian,StructureDefinition/fr-cda-quantite-de-produit,StructureDefinition/fr-cda-gravite-effet-indesirable,StructureDefinition/fr-cda-commentaire-er,StructureDefinition/fr-cda-effets-indesirables,StructureDefinition/fr-cda-custodian,StructureDefinition/fr-cda-prescription-medicaments,StructureDefinition/fr-cda-non-remboursable,StructureDefinition/fr-cda-vaccination,StructureDefinition/fr-cda-traitements-a-la-sortie,StructureDefinition/fr-cda-participant-apsr,StructureDefinition/fr-cda-probleme,StructureDefinition/fr-cda-related-entity,StructureDefinition/fr-cda-administration-de-derives-du-sang,StructureDefinition/fr-cda-education-du-patient,StructureDefinition/fr-cda-resultats-examens-de-biologie-medicale,StructureDefinition/fr-cda-dicom-complications","THO (V3)"
http://hl7.org/cda/stds/core/ValueSet/CDAObservationInterpretation,2.0.3-sd,draft,,CDAObservationInterpretation,CDAObservationInterpretation,"One or more codes providing a rough qualitative interpretation of the observation - limited to values available in original CDA","StructureDefinition/fr-cda-evolution-effet-indesirable,StructureDefinition/fr-cda-dicom-cadres-a-afficher,StructureDefinition/fr-cda-modalite-entree,StructureDefinition/fr-cda-modalite-sortie,StructureDefinition/fr-cda-dicom-quantite,StructureDefinition/fr-cda-severite,StructureDefinition/fr-cda-certitude,StructureDefinition/fr-cda-instruction-au-patient,StructureDefinition/fr-cda-dicom-cadres-references,StructureDefinition/fr-cda-statut-du-probleme,StructureDefinition/fr-cda-resultat-examens-de-biologie-element-clinique-pertinent,StructureDefinition/fr-cda-habitus-mode-de-vie,StructureDefinition/fr-cda-statut-clinique-du-patient,StructureDefinition/fr-cda-identification-micro-organismes-multiresistants,StructureDefinition/fr-cda-hors-amm,StructureDefinition/fr-cda-observation-sur-la-grossesse,StructureDefinition/fr-cda-evaluation,StructureDefinition/fr-cda-gravite-effet-indesirable,StructureDefinition/fr-cda-dicom-sop-instance-observation-subordonnee,StructureDefinition/fr-cda-allergie-ou-hypersensibilite,StructureDefinition/fr-cda-accidents-transfusionnels,StructureDefinition/fr-cda-evenement-indesirable-pendant-hospitalisation,StructureDefinition/fr-cda-en-rapport-avec-ald,StructureDefinition/fr-cda-dicom-objectifs-de-reference,StructureDefinition/fr-cda-rang-de-la-vaccination,StructureDefinition/fr-cda-antecedent-familial-observe,StructureDefinition/fr-cda-non-remboursable,StructureDefinition/fr-cda-effet-indesirable,StructureDefinition/fr-cda-type-document-attache,StructureDefinition/fr-cda-evaluation-composant,StructureDefinition/fr-cda-dicom-observation,StructureDefinition/fr-cda-imputabilite-effet-indesirable,StructureDefinition/fr-cda-dicom-sop-instance-observation,StructureDefinition/fr-cda-criticite,StructureDefinition/fr-cda-probleme,StructureDefinition/fr-cda-synthese-medicale-sejour,StructureDefinition/fr-cda-evaluation-composant-n2,StructureDefinition/fr-cda-recherche-de-micro-organismes,StructureDefinition/fr-cda-evenement-indesirable-suite-administration-derives-sang,StructureDefinition/fr-cda-administration-de-derives-du-sang,StructureDefinition/fr-cda-statut-document,StructureDefinition/fr-cda-directive-anticipee,StructureDefinition/fr-cda-transfusion-de-produits-sanguins,StructureDefinition/fr-cda-en-rapport-avec-accident-travail,StructureDefinition/fr-cda-en-rapport-avec-la-prevention","THO (V3)"
http://hl7.org/cda/stds/core/ValueSet/CDAParticipationType,2.0.3-sd,draft,,CDAParticipationType,CDAParticipationType,"A code specifying the meaning and purpose of every Participation instance. Each of its values implies specific constraints on the Roles undertaking the participation. Limited to values allowed in original CDA definition","StructureDefinition/fr-cda-author,StructureDefinition/fr-cda-traitement-subordonne,StructureDefinition/fr-cda-isolat-microbiologique,StructureDefinition/fr-cda-traitement-prescrit-subordonne,StructureDefinition/fr-cda-reference-item-prescription,StructureDefinition/fr-cda-rencontre,StructureDefinition/fr-cda-dose-antigene,StructureDefinition/fr-cda-prelevement,StructureDefinition/fr-cda-traitement-prescrit,StructureDefinition/fr-cda-evaluation,StructureDefinition/fr-cda-allergie-ou-hypersensibilite,StructureDefinition/fr-cda-reference-item-plan-traitement,StructureDefinition/fr-cda-authenticator,StructureDefinition/fr-cda-participant-corps,StructureDefinition/fr-cda-legal-authenticator,StructureDefinition/fr-cda-dicom-administration-radiopharmaceutique,StructureDefinition/fr-cda-custodian,StructureDefinition/fr-cda-informant-apsr,StructureDefinition/fr-cda-vaccination,StructureDefinition/fr-cda-traitement,StructureDefinition/fr-cda-organisme-assurance-maladie,StructureDefinition/fr-cda-informant,StructureDefinition/fr-cda-record-target,StructureDefinition/fr-cda-encompassing-encounter,StructureDefinition/fr-cda-vaccin-recommande,StructureDefinition/fr-cda-antecedents-familiaux,StructureDefinition/fr-cda-item-plan-traitement,StructureDefinition/fr-cda-dispositif-medical,StructureDefinition/fr-cda-data-enterer,StructureDefinition/fr-cda-participant-entete,StructureDefinition/fr-cda-dicom-administration-produit-de-sante,StructureDefinition/fr-cda-resultats-examens-de-biologie-medicale","THO (V3)"
http://hl7.org/cda/stds/core/ValueSet/CDAPostalAddressUse,2.0.3-sd,draft,,CDAPostalAddressUse,CDAPostalAddressUse,"A set of codes advising a system or user which address in a set of like addresses to select for a given purpose - limited to values allowed in original CDA definition","StructureDefinition/cisis-addr","THO (V3)"
http://hl7.org/cda/stds/core/ValueSet/CDARoleClassRoot,2.0.3-sd,draft,,CDARoleClassRoot,CDARoleClassRoot,"Corresponds to the Role class","StructureDefinition/fr-cda-participant-apsr,StructureDefinition/fr-cda-participant-role,StructureDefinition/fr-cda-allergie-ou-hypersensibilite,StructureDefinition/fr-cda-antecedents-familiaux,StructureDefinition/fr-cda-dispositif-medical,StructureDefinition/fr-cda-rencontre,StructureDefinition/fr-cda-prelevement,StructureDefinition/fr-cda-organisme-assurance-maladie","THO (V3)"
http://hl7.org/cda/stds/core/ValueSet/CDARoleCode,2.0.3-sd,draft,,CDARoleCode,CDARoleCode,"A set of codes further specifying the kind of Role; specific classification codes for further qualifying RoleClass codes.","StructureDefinition/fr-cda-prescription,StructureDefinition/fr-cda-participant-apsr,StructureDefinition/fr-cda-participant-role,StructureDefinition/fr-cda-allergie-ou-hypersensibilite,StructureDefinition/fr-cda-dispositif-medical,StructureDefinition/fr-cda-rencontre,StructureDefinition/fr-cda-prelevement,StructureDefinition/fr-cda-organisme-assurance-maladie,StructureDefinition/fr-cda-assigned-entity","THO (V3)"
http://hl7.org/cda/stds/core/ValueSet/CDASetOperator,2.0.3-sd,draft,,CDASetOperator,CDASetOperator,"Determins the intersectionality of multiple sets","StructureDefinition/fr-cda-traitement-subordonne,StructureDefinition/fr-cda-isolat-microbiologique,StructureDefinition/fr-cda-laboratoire-executant,StructureDefinition/fr-cda-traitement-prescrit-subordonne,StructureDefinition/fr-cda-transport-du-patient,StructureDefinition/fr-cda-dose-antigene,StructureDefinition/fr-cda-traitement,StructureDefinition/fr-cda-traitement-prescrit,StructureDefinition/fr-cda-liste-des-problemes,StructureDefinition/fr-cda-service-event,StructureDefinition/fr-cda-prescription,StructureDefinition/fr-cda-evaluation,StructureDefinition/fr-cda-participant-apsr,StructureDefinition/fr-cda-liste-des-allergies-et-hypersensibilites,StructureDefinition/fr-cda-dispositif-medical,StructureDefinition/fr-cda-participant-entete,StructureDefinition/fr-cda-resultats-examens-de-biologie-medicale,StructureDefinition/fr-cda-participant-corps","THO (V3)"
http://hl7.org/cda/stds/core/ValueSet/CDASignatureCode,2.0.3-sd,draft,,CDASignatureCode,CDASignatureCode,"A set of codes specifying whether and how the participant has attested his participation through a signature - limited to values allowed in original CDA definition.  **Note:** CDA Release One represented either an intended (`X`) or actual (`S`) authenticator. CDA Release Two only represents an actual authenticator, so has deprecated the value of `X`.","StructureDefinition/fr-cda-legal-authenticator,StructureDefinition/fr-cda-authenticator","THO (V3)"
http://hl7.org/fhir/ValueSet/all-languages,4.0.1,active,"2.16.840.1.113883.4.642.3.21",AllLanguages,All Languages,"This value set includes all possible codes from BCP-47 (http://tools.ietf.org/html/bcp47)","StructureDefinition/fr-cda-dicom-cadres-a-afficher,StructureDefinition/fr-cda-clinical-document,StructureDefinition/fr-cda-prelevement,StructureDefinition/fr-cda-instruction-au-patient,StructureDefinition/fr-cda-statut,StructureDefinition/fr-cda-statut-clinique-du-patient,StructureDefinition/fr-cda-facteurs-de-risque-professionnels-non-code,StructureDefinition/fr-cda-autorisation-substitution,StructureDefinition/fr-cda-resultats-de-biologie-de-seconde-intention,StructureDefinition/fr-cda-evaluation,StructureDefinition/fr-cda-allergie-ou-hypersensibilite,StructureDefinition/fr-cda-reference-interne,StructureDefinition/fr-cda-image-illustrative,StructureDefinition/fr-cda-dicom-technique-imagerie,StructureDefinition/fr-cda-dicom-observation-subordonnee,StructureDefinition/fr-cda-resultats-examens,StructureDefinition/fr-cda-statut-fonctionnel,StructureDefinition/fr-cda-allergies-et-hypersensibilites,StructureDefinition/fr-cda-effet-indesirable,StructureDefinition/fr-cda-liste-des-problemes,StructureDefinition/fr-cda-type-document-attache,StructureDefinition/fr-cda-organisme-assurance-maladie,StructureDefinition/fr-cda-instructions-au-patient,StructureDefinition/fr-cda-resultats-evenements,StructureDefinition/fr-cda-criticite,StructureDefinition/fr-cda-signe-vital-observe,StructureDefinition/fr-cda-acte,StructureDefinition/fr-cda-dicom-examen-comparatif,StructureDefinition/fr-cda-evaluation-composant-n2,StructureDefinition/fr-cda-dicom-resultats,StructureDefinition/fr-cda-recherche-de-micro-organismes,StructureDefinition/fr-cda-section-signes-vitaux,StructureDefinition/fr-cda-transfusion-de-produits-sanguins,StructureDefinition/fr-cda-section-resultats,StructureDefinition/fr-cda-evolution-effet-indesirable,StructureDefinition/fr-cda-severite,StructureDefinition/fr-cda-dicom-addendum,StructureDefinition/fr-cda-dicom-serie-imagerie,StructureDefinition/fr-cda-resultat-examens-de-biologie-element-clinique-pertinent,StructureDefinition/fr-cda-habitus-mode-de-vie,StructureDefinition/fr-cda-dicom-informations-cliniques,StructureDefinition/fr-cda-identification-micro-organismes-multiresistants,StructureDefinition/fr-cda-hors-amm,StructureDefinition/fr-cda-observation-sur-la-grossesse,StructureDefinition/fr-cda-statut-du-document,StructureDefinition/fr-cda-code-a-barres,StructureDefinition/fr-cda-fonctions-physiques,StructureDefinition/fr-cda-evenement-indesirable-pendant-hospitalisation,StructureDefinition/fr-cda-prescription-dispositifs-medicaux,StructureDefinition/fr-cda-rang-de-la-vaccination,StructureDefinition/fr-cda-references-externes,StructureDefinition/fr-cda-antecedent-familial-observe,StructureDefinition/fr-cda-commentaire-non-code,StructureDefinition/fr-cda-section-habitus-mode-de-vie,StructureDefinition/fr-cda-evaluation-composant,StructureDefinition/fr-cda-historique-des-actes,StructureDefinition/fr-cda-dicom-conclusion,StructureDefinition/fr-cda-dicom-sop-instance-observation,StructureDefinition/fr-cda-dicom-object-catalog,StructureDefinition/fr-cda-points-de-vigilances-non-code,StructureDefinition/fr-cda-statut-document,StructureDefinition/fr-cda-dicom-acte-imagerie,StructureDefinition/fr-cda-vaccinations,StructureDefinition/fr-cda-demande-d-examen-ou-de-suivi,StructureDefinition/fr-cda-raison-de-la-recommandation-non-code,StructureDefinition/fr-cda-acte-substitution,StructureDefinition/fr-cda-traitements-administres,StructureDefinition/fr-cda-en-rapport-avec-la-prevention,StructureDefinition/fr-cda-antecedents-medicaux,StructureDefinition/fr-cda-problemes-actifs,StructureDefinition/fr-cda-cr-bio-sous-chapitre,StructureDefinition/fr-cda-dicom-cadres-references,StructureDefinition/fr-cda-cr-bio-chapitre,StructureDefinition/fr-cda-statut-du-probleme,StructureDefinition/fr-cda-document-pdf-copie,StructureDefinition/fr-cda-dicom-sop-instance-observation-subordonnee,StructureDefinition/fr-cda-historique-des-grossesses,StructureDefinition/fr-cda-raison-de-la-recommandation,StructureDefinition/fr-cda-resultat,StructureDefinition/fr-cda-dicom-objectifs-de-reference,StructureDefinition/fr-cda-transport-du-patient,StructureDefinition/fr-cda-observation-sur-echelle-douleur,StructureDefinition/fr-cda-dicom-demande-examen,StructureDefinition/fr-cda-dispensation-medicaments,StructureDefinition/fr-cda-dicom-observation,StructureDefinition/fr-cda-simple-observation,StructureDefinition/fr-cda-imputabilite-effet-indesirable,StructureDefinition/fr-cda-traitements,StructureDefinition/fr-cda-resultats-examens-non-code,StructureDefinition/fr-cda-synthese-medicale-sejour,StructureDefinition/fr-cda-dicom-quantite-subordonnee,StructureDefinition/fr-cda-transport-du-professionnel,StructureDefinition/fr-cda-section-antecedents-familiaux,StructureDefinition/fr-cda-directive-anticipee,StructureDefinition/fr-cda-instructions-au-dispensateur,StructureDefinition/fr-cda-en-rapport-avec-accident-travail,StructureDefinition/fr-cda-modalite-sortie,StructureDefinition/fr-cda-modalite-entree,StructureDefinition/fr-cda-documents-ajoutes,StructureDefinition/fr-cda-dicom-quantite,StructureDefinition/fr-cda-document-attache,StructureDefinition/fr-cda-certitude,StructureDefinition/fr-cda-dicom-historique-medical,StructureDefinition/fr-dispositifs-medicaux,StructureDefinition/fr-cda-dicom-exposition-patient,StructureDefinition/fr-cda-plan-de-soins,StructureDefinition/fr-cda-gravite-effet-indesirable,StructureDefinition/fr-cda-commentaire-er,StructureDefinition/fr-cda-accidents-transfusionnels,StructureDefinition/fr-cda-effets-indesirables,StructureDefinition/fr-cda-notes-du-dispensateur,StructureDefinition/fr-cda-en-rapport-avec-ald,StructureDefinition/fr-cda-prescription-medicaments,StructureDefinition/fr-cda-non-remboursable,StructureDefinition/fr-cda-dicom-examen-imagerie,StructureDefinition/fr-cda-traitements-a-la-sortie,StructureDefinition/fr-cda-probleme,StructureDefinition/fr-cda-liste-des-allergies-et-hypersensibilites,StructureDefinition/fr-cda-evenement-indesirable-suite-administration-derives-sang,StructureDefinition/fr-cda-administration-de-derives-du-sang,StructureDefinition/fr-cda-education-du-patient,StructureDefinition/fr-cda-resultats-examens-de-biologie-medicale,StructureDefinition/fr-cda-dicom-exposition-aux-radiations,StructureDefinition/fr-cda-dicom-complications","hl7.terminology.r5"
http://hl7.org/fhir/ValueSet/doc-typecodes,4.0.1,draft,"2.16.840.1.113883.4.642.3.240",FHIRDocumentTypeCodes,FHIR Document Type Codes,"FHIR Document Codes - all LOINC codes where scale type = 'DOC'.","StructureDefinition/fr-cda-probleme,StructureDefinition/fr-cda-clinical-document,StructureDefinition/fr-cda-references-externes,StructureDefinition/fr-cda-parent-document,StructureDefinition/fr-cda-traitement-prescrit,StructureDefinition/fr-cda-directive-anticipee","LOINC"
http://terminology.hl7.org/ValueSet/v3-ActClassClinicalDocument,3.0.0,active,"2.16.840.1.113883.1.11.13948",ActClassClinicalDocument,ActClassClinicalDocument,"A clinical document is a documentation of clinical observations and services, with the following characteristics: (1) Persistence - A clinical document continues to exist in an unaltered state, for a time period defined by local and regulatory requirements; (2) Stewardship - A clinical document is maintained by a person or organization entrusted with its care; (3) Potential for authentication - A clinical document is an assemblage of information that is intended to be legally authenticated; (4) Wholeness - Authentication of a clinical document applies to the whole and does not apply to portions of the document without the full context of the document; (5) Human readability - A clinical document is human readable.""","StructureDefinition/fr-cda-parent-document","THO (V3)"
http://terminology.hl7.org/ValueSet/v3-ActClassDocument,3.0.0,active,"2.16.840.1.113883.1.11.18938",ActClassDocument,ActClassDocument,"Specialization of Act to add the characteristics unique to document management services.","StructureDefinition/fr-cda-probleme,StructureDefinition/fr-cda-references-externes,StructureDefinition/fr-cda-traitement-prescrit,StructureDefinition/fr-cda-directive-anticipee","THO (V3)"
http://terminology.hl7.org/ValueSet/v3-ActClassProcedure,3.0.0,active,"2.16.840.1.113883.1.11.19665",ActClassProcedure,ActClassProcedure,"An Act whose immediate and primary outcome (post-condition) is the alteration of the physical condition of the subject.    *Examples:* : Procedures may involve the disruption of some body surface (e.g. an incision in a surgical procedure), but they also include conservative procedures such as reduction of a luxated join, chiropractic treatment, massage, balneotherapy, acupuncture, shiatsu, etc. Outside of clinical medicine, procedures may be such things as alteration of environments (e.g. straightening rivers, draining swamps, building dams) or the repair or change of machinery etc.","StructureDefinition/fr-cda-acte,StructureDefinition/fr-cda-prelevement,StructureDefinition/fr-cda-dicom-technique-imagerie,StructureDefinition/fr-cda-dicom-exposition-patient","THO (V3)"
http://terminology.hl7.org/ValueSet/v3-ActClassRecordOrganizer,3.0.0,active,"2.16.840.1.113883.1.11.20308",ActClassRecordOrganizer,ActClassRecordOrganizer,"***No description***","StructureDefinition/fr-cda-antecedents-medicaux,StructureDefinition/fr-cda-problemes-actifs,StructureDefinition/fr-cda-documents-ajoutes,StructureDefinition/fr-cda-cr-bio-sous-chapitre,StructureDefinition/fr-cda-cr-bio-chapitre,StructureDefinition/fr-cda-dicom-addendum,StructureDefinition/fr-cda-dicom-historique-medical,StructureDefinition/fr-cda-dicom-informations-cliniques,StructureDefinition/fr-dispositifs-medicaux,StructureDefinition/fr-cda-facteurs-de-risque-professionnels-non-code,StructureDefinition/fr-cda-plan-de-soins,StructureDefinition/fr-cda-resultats-de-biologie-de-seconde-intention,StructureDefinition/fr-cda-document-pdf-copie,StructureDefinition/fr-cda-statut-du-document,StructureDefinition/fr-cda-historique-des-grossesses,StructureDefinition/fr-cda-code-a-barres,StructureDefinition/fr-cda-fonctions-physiques,StructureDefinition/fr-cda-raison-de-la-recommandation,StructureDefinition/fr-cda-effets-indesirables,StructureDefinition/fr-cda-resultats-examens,StructureDefinition/fr-cda-statut-fonctionnel,StructureDefinition/fr-cda-allergies-et-hypersensibilites,StructureDefinition/fr-cda-prescription-dispositifs-medicaux,StructureDefinition/fr-cda-prescription-medicaments,StructureDefinition/fr-cda-dicom-demande-examen,StructureDefinition/fr-cda-dispensation-medicaments,StructureDefinition/fr-cda-commentaire-non-code,StructureDefinition/fr-cda-section-habitus-mode-de-vie,StructureDefinition/fr-cda-traitements-a-la-sortie,StructureDefinition/fr-cda-resultats-evenements,StructureDefinition/fr-cda-historique-des-actes,StructureDefinition/fr-cda-dicom-conclusion,StructureDefinition/fr-cda-traitements,StructureDefinition/fr-cda-dicom-examen-comparatif,StructureDefinition/fr-cda-dicom-object-catalog,StructureDefinition/fr-cda-resultats-examens-non-code,StructureDefinition/fr-cda-dicom-resultats,StructureDefinition/fr-cda-section-signes-vitaux,StructureDefinition/fr-cda-points-de-vigilances-non-code,StructureDefinition/fr-cda-section-antecedents-familiaux,StructureDefinition/fr-cda-education-du-patient,StructureDefinition/fr-cda-dicom-acte-imagerie,StructureDefinition/fr-cda-vaccinations,StructureDefinition/fr-cda-raison-de-la-recommandation-non-code,StructureDefinition/fr-cda-traitements-administres,StructureDefinition/fr-cda-dicom-exposition-aux-radiations,StructureDefinition/fr-cda-dicom-complications,StructureDefinition/fr-cda-section-resultats","THO (V3)"
http://terminology.hl7.org/ValueSet/v3-ActClassSupply,3.0.0,active,"2.16.840.1.113883.1.11.11535",ActClassSupply,ActClassSupply,"Supply orders and deliveries are simple Acts that focus on the delivered product. The product is associated with the Supply Act via Participation.typeCode=""product"". With general Supply Acts, the precise identification of the Material (manufacturer, serial numbers, etc.) is important. Most of the detailed information about the Supply should be represented using the Material class. If delivery needs to be scheduled, tracked, and billed separately, one can associate a Transportation Act with the Supply Act. Pharmacy dispense services are represented as Supply Acts, associated with a SubstanceAdministration Act. The SubstanceAdministration class represents the administration of medication, while dispensing is supply.","StructureDefinition/fr-cda-prescription,StructureDefinition/fr-cda-quantite-de-produit,StructureDefinition/fr-cda-dispositif-medical,StructureDefinition/fr-cda-traitement-dispense,StructureDefinition/fr-cda-periode-de-renouvellement","THO (V3)"
http://terminology.hl7.org/ValueSet/v3-ActCode,3.0.0,active,,ActCode,v3 Code System ActCode,"A code specifying the particular kind of Act that the Act-instance represents within its class.  Constraints:  The kind of Act (e.g. physical examination, serum potassium, inpatient encounter, charge financial transaction, etc.) is specified with a code from one of several, typically external, coding systems.  The coding system will depend on the class of Act, such as LOINC for observations, etc. Conceptually, the Act.code must be a specialization of the Act.classCode. This is why the structure of ActClass domain should be reflected in the superstructure of the ActCode domain and then individual codes or externally referenced vocabularies subordinated under these domains that reflect the ActClass structure. Act.classCode and Act.code are not modifiers of each other but the Act.code concept should really imply the Act.classCode concept. For a negative example, it is not appropriate to use an Act.code ""potassium"" together with and Act.classCode for ""laboratory observation"" to somehow mean ""potassium laboratory observation"" and then use the same Act.code for ""potassium"" together with Act.classCode for ""medication"" to mean ""substitution of potassium"". This mutually modifying use of Act.code and Act.classCode is not permitted.","StructureDefinition/fr-cda-traitement-subordonne,StructureDefinition/fr-cda-isolat-microbiologique,StructureDefinition/fr-cda-document-attache,StructureDefinition/fr-cda-traitement-prescrit-subordonne,StructureDefinition/fr-cda-authorization,StructureDefinition/fr-cda-prelevement,StructureDefinition/fr-cda-dicom-serie-imagerie,StructureDefinition/fr-cda-traitement-prescrit,StructureDefinition/fr-cda-resultat-examens-de-biologie-element-clinique-pertinent,StructureDefinition/fr-cda-groupe-de-questionnaires-d-evaluation,StructureDefinition/fr-cda-prescription,StructureDefinition/fr-cda-quantite-de-produit,StructureDefinition/fr-cda-reference-interne,StructureDefinition/fr-cda-commentaire-er,StructureDefinition/fr-cda-notes-du-dispensateur,StructureDefinition/fr-cda-references-externes,StructureDefinition/fr-cda-traitement,StructureDefinition/fr-cda-naissance,StructureDefinition/fr-cda-liste-des-problemes,StructureDefinition/fr-cda-organisme-assurance-maladie,StructureDefinition/fr-cda-signes-vitaux,StructureDefinition/fr-cda-dicom-examen-imagerie,StructureDefinition/fr-cda-instructions-au-patient,StructureDefinition/fr-cda-liste-des-allergies-et-hypersensibilites,StructureDefinition/fr-cda-antecedents-familiaux,StructureDefinition/fr-cda-item-plan-traitement,StructureDefinition/fr-cda-dispositif-medical,StructureDefinition/fr-cda-order,StructureDefinition/fr-cda-resultats-examens-de-biologie-medicale,StructureDefinition/fr-cda-batterie-examens-de-biologie-medicale,StructureDefinition/fr-cda-acte-substitution,StructureDefinition/fr-cda-instructions-au-dispensateur,StructureDefinition/fr-cda-periode-de-renouvellement,StructureDefinition/fr-cda-historique-de-la-grossesse","THO (V3)"
http://terminology.hl7.org/ValueSet/v3-ActEncounterCode,3.0.0,active,"2.16.840.1.113883.1.11.13955",ActEncounterCode,ActEncounterCode,"Domain provides codes that qualify the ActEncounterClass (ENC)","StructureDefinition/fr-cda-evenement,StructureDefinition/fr-cda-rencontre","THO (V3)"
http://terminology.hl7.org/ValueSet/v3-ActMoodPredicate,3.0.0,active,"2.16.840.1.113883.1.11.10202",ActMoodPredicate,ActMoodPredicate,"Any of the above service moods (e.g., event, intent, or goal) can be turned into a predicate used as a criterion to express conditionals (or queries.) However, currently we allow only criteria on service events.","StructureDefinition/fr-cda-traitement-subordonne,StructureDefinition/fr-cda-traitement-prescrit-subordonne,StructureDefinition/fr-cda-item-plan-traitement,StructureDefinition/fr-cda-traitement,StructureDefinition/fr-cda-traitement-prescrit,StructureDefinition/fr-cda-resultat-examens-de-biologie-element-clinique-pertinent","THO (V3)"
http://terminology.hl7.org/ValueSet/v3-ActPriority,3.0.0,active,"2.16.840.1.113883.1.11.16866",ActPriority,ActPriority,"A code or set of codes (e.g., for routine, emergency,) specifying the urgency under which the Act happened, can happen, is happening, is intended to happen, or is requested/demanded to happen.    *Discussion:* This attribute is used in orders to indicate the ordered priority, and in event documentation it indicates the actual priority used to perform the act. In definition mood it indicates the available priorities.","StructureDefinition/fr-cda-dicom-cadres-a-afficher,StructureDefinition/fr-cda-traitement-prescrit-subordonne,StructureDefinition/fr-cda-reference-item-prescription,StructureDefinition/fr-cda-dose-antigene,StructureDefinition/fr-cda-prelevement,StructureDefinition/fr-cda-instruction-au-patient,StructureDefinition/fr-cda-dicom-cadres-references,StructureDefinition/fr-cda-statut-du-probleme,StructureDefinition/fr-cda-statut,StructureDefinition/fr-cda-statut-clinique-du-patient,StructureDefinition/fr-cda-autorisation-substitution,StructureDefinition/fr-cda-prescription,StructureDefinition/fr-cda-evaluation,StructureDefinition/fr-cda-allergie-ou-hypersensibilite,StructureDefinition/fr-cda-dicom-sop-instance-observation-subordonnee,StructureDefinition/fr-cda-reference-interne,StructureDefinition/fr-cda-traitement-dispense,StructureDefinition/fr-cda-dicom-technique-imagerie,StructureDefinition/fr-cda-resultat,StructureDefinition/fr-cda-dicom-observation-subordonnee,StructureDefinition/fr-cda-dicom-administration-radiopharmaceutique,StructureDefinition/fr-cda-dicom-objectifs-de-reference,StructureDefinition/fr-cda-transport-du-patient,StructureDefinition/fr-cda-observation-sur-echelle-douleur,StructureDefinition/fr-cda-effet-indesirable,StructureDefinition/fr-cda-liste-des-problemes,StructureDefinition/fr-cda-type-document-attache,StructureDefinition/fr-cda-organisme-assurance-maladie,StructureDefinition/fr-cda-dicom-observation,StructureDefinition/fr-cda-simple-observation,StructureDefinition/fr-cda-instructions-au-patient,StructureDefinition/fr-cda-imputabilite-effet-indesirable,StructureDefinition/fr-cda-criticite,StructureDefinition/fr-cda-vaccin-recommande,StructureDefinition/fr-cda-signe-vital-observe,StructureDefinition/fr-cda-acte,StructureDefinition/fr-cda-synthese-medicale-sejour,StructureDefinition/fr-cda-evaluation-composant-n2,StructureDefinition/fr-cda-item-plan-traitement,StructureDefinition/fr-cda-recherche-de-micro-organismes,StructureDefinition/fr-cda-dispositif-medical,StructureDefinition/fr-cda-dicom-quantite-subordonnee,StructureDefinition/fr-cda-transport-du-professionnel,StructureDefinition/fr-cda-dicom-administration-produit-de-sante,StructureDefinition/fr-cda-directive-anticipee,StructureDefinition/fr-cda-instructions-au-dispensateur,StructureDefinition/fr-cda-transfusion-de-produits-sanguins,StructureDefinition/fr-cda-en-rapport-avec-accident-travail,StructureDefinition/fr-cda-evolution-effet-indesirable,StructureDefinition/fr-cda-modalite-sortie,StructureDefinition/fr-cda-traitement-subordonne,StructureDefinition/fr-cda-modalite-entree,StructureDefinition/fr-cda-dicom-quantite,StructureDefinition/fr-cda-severite,StructureDefinition/fr-cda-rencontre,StructureDefinition/fr-cda-certitude,StructureDefinition/fr-cda-dicom-serie-imagerie,StructureDefinition/fr-cda-habitus-mode-de-vie,StructureDefinition/fr-cda-traitement-prescrit,StructureDefinition/fr-cda-resultat-examens-de-biologie-element-clinique-pertinent,StructureDefinition/fr-cda-dicom-exposition-patient,StructureDefinition/fr-cda-identification-micro-organismes-multiresistants,StructureDefinition/fr-cda-hors-amm,StructureDefinition/fr-cda-observation-sur-la-grossesse,StructureDefinition/fr-cda-quantite-de-produit,StructureDefinition/fr-cda-gravite-effet-indesirable,StructureDefinition/fr-cda-reference-item-plan-traitement,StructureDefinition/fr-cda-commentaire-er,StructureDefinition/fr-cda-accidents-transfusionnels,StructureDefinition/fr-cda-evenement-indesirable-pendant-hospitalisation,StructureDefinition/fr-cda-notes-du-dispensateur,StructureDefinition/fr-cda-en-rapport-avec-ald,StructureDefinition/fr-cda-references-externes,StructureDefinition/fr-cda-antecedent-familial-observe,StructureDefinition/fr-cda-vaccination,StructureDefinition/fr-cda-non-remboursable,StructureDefinition/fr-cda-traitement,StructureDefinition/fr-cda-dicom-examen-imagerie,StructureDefinition/fr-cda-evaluation-composant,StructureDefinition/fr-cda-dicom-sop-instance-observation,StructureDefinition/fr-cda-probleme,StructureDefinition/fr-cda-liste-des-allergies-et-hypersensibilites,StructureDefinition/fr-cda-evenement,StructureDefinition/fr-cda-evenement-indesirable-suite-administration-derives-sang,StructureDefinition/fr-cda-administration-de-derives-du-sang,StructureDefinition/fr-cda-order,StructureDefinition/fr-cda-statut-document,StructureDefinition/fr-cda-demande-d-examen-ou-de-suivi,StructureDefinition/fr-cda-resultats-examens-de-biologie-medicale,StructureDefinition/fr-cda-acte-substitution,StructureDefinition/fr-cda-periode-de-renouvellement,StructureDefinition/fr-cda-en-rapport-avec-la-prevention","THO (V3)"
http://terminology.hl7.org/ValueSet/v3-ActRelationshipAuthorizedBy,3.0.0,active,"2.16.840.1.113883.1.11.19965",ActRelationshipAuthorizedBy,ActRelationshipAuthorizedBy,"A relationship in which the target act authorizes or certifies the source act.","StructureDefinition/fr-cda-authorization","THO (V3)"
http://terminology.hl7.org/ValueSet/v3-ActRelationshipFulfills,2.0.0,active,"2.16.840.1.113883.1.11.10342",ActRelationshipFulfills,ActRelationshipFulfills,"The source act fulfills (in whole or in part) the target act. Source act must be in a mood equal or more actual than the target act.","StructureDefinition/fr-cda-inFulfillment-of","THO (V3)"
http://terminology.hl7.org/ValueSet/v3-ActRelationshipHasComponent,3.0.0,active,"2.16.840.1.113883.1.11.10318",ActRelationshipHasComponent,ActRelationshipHasComponent,"A collection of sub-services as steps or subtasks performed for the source service. Services may be performed sequentially or concurrently.","StructureDefinition/fr-cda-groupe-de-questionnaires-d-evaluation,StructureDefinition/fr-cda-component-of,StructureDefinition/fr-cda-resultats,StructureDefinition/fr-cda-isolat-microbiologique,StructureDefinition/fr-cda-document-attache,StructureDefinition/fr-cda-antecedents-familiaux,StructureDefinition/fr-cda-naissance,StructureDefinition/fr-cda-signes-vitaux,StructureDefinition/fr-cda-batterie-examens-de-biologie-medicale,StructureDefinition/fr-cda-historique-de-la-grossesse","THO (V3)"
http://terminology.hl7.org/ValueSet/v3-ActSite,1.0.0,active,,ActSite,v3 Value Set ActSite," An anatomical location on an organism which can be the focus of an act.","StructureDefinition/fr-cda-traitement-subordonne,StructureDefinition/fr-cda-dicom-administration-radiopharmaceutique,StructureDefinition/fr-cda-traitement-prescrit-subordonne,StructureDefinition/fr-cda-reference-item-prescription,StructureDefinition/fr-cda-reference-item-plan-traitement,StructureDefinition/fr-cda-dose-antigene,StructureDefinition/fr-cda-dicom-administration-produit-de-sante","THO (V3)"
http://terminology.hl7.org/ValueSet/v3-ActStatus,3.0.0,active,"2.16.840.1.113883.1.11.15933",ActStatus,ActStatus,"Contains the names (codes) for each of the states in the state-machine of the RIM Act class.","StructureDefinition/fr-cda-dicom-cadres-a-afficher,StructureDefinition/fr-cda-clinical-document,StructureDefinition/fr-cda-traitement-prescrit-subordonne,StructureDefinition/fr-cda-reference-item-prescription,StructureDefinition/fr-cda-authorization,StructureDefinition/fr-cda-dose-antigene,StructureDefinition/fr-cda-prelevement,StructureDefinition/fr-cda-instruction-au-patient,StructureDefinition/fr-cda-dicom-cadres-references,StructureDefinition/fr-cda-statut-du-probleme,StructureDefinition/fr-cda-statut,StructureDefinition/fr-cda-statut-clinique-du-patient,StructureDefinition/fr-cda-autorisation-substitution,StructureDefinition/fr-cda-prescription,StructureDefinition/fr-cda-evaluation,StructureDefinition/fr-cda-allergie-ou-hypersensibilite,StructureDefinition/fr-cda-dicom-sop-instance-observation-subordonnee,StructureDefinition/fr-cda-reference-interne,StructureDefinition/fr-cda-traitement-dispense,StructureDefinition/fr-cda-dicom-technique-imagerie,StructureDefinition/fr-cda-resultat,StructureDefinition/fr-cda-dicom-administration-radiopharmaceutique,StructureDefinition/fr-cda-dicom-objectifs-de-reference,StructureDefinition/fr-cda-transport-du-patient,StructureDefinition/fr-cda-observation-sur-echelle-douleur,StructureDefinition/fr-cda-naissance,StructureDefinition/fr-cda-effet-indesirable,StructureDefinition/fr-cda-type-document-attache,StructureDefinition/fr-cda-organisme-assurance-maladie,StructureDefinition/fr-cda-signes-vitaux,StructureDefinition/fr-cda-simple-observation,StructureDefinition/fr-cda-instructions-au-patient,StructureDefinition/fr-cda-imputabilite-effet-indesirable,StructureDefinition/fr-cda-criticite,StructureDefinition/fr-cda-vaccin-recommande,StructureDefinition/fr-cda-signe-vital-observe,StructureDefinition/fr-cda-synthese-medicale-sejour,StructureDefinition/fr-cda-evaluation-composant-n2,StructureDefinition/fr-cda-antecedents-familiaux,StructureDefinition/fr-cda-item-plan-traitement,StructureDefinition/fr-cda-recherche-de-micro-organismes,StructureDefinition/fr-cda-transport-du-professionnel,StructureDefinition/fr-cda-dicom-administration-produit-de-sante,StructureDefinition/fr-cda-directive-anticipee,StructureDefinition/fr-cda-instructions-au-dispensateur,StructureDefinition/fr-cda-transfusion-de-produits-sanguins,StructureDefinition/fr-cda-historique-de-la-grossesse,StructureDefinition/fr-cda-en-rapport-avec-accident-travail,StructureDefinition/fr-cda-evolution-effet-indesirable,StructureDefinition/fr-cda-traitement-subordonne,StructureDefinition/fr-cda-document-attache,StructureDefinition/fr-cda-severite,StructureDefinition/fr-cda-rencontre,StructureDefinition/fr-cda-certitude,StructureDefinition/fr-cda-dicom-serie-imagerie,StructureDefinition/fr-cda-habitus-mode-de-vie,StructureDefinition/fr-cda-traitement-prescrit,StructureDefinition/fr-cda-resultat-examens-de-biologie-element-clinique-pertinent,StructureDefinition/fr-cda-dicom-exposition-patient,StructureDefinition/fr-cda-hors-amm,StructureDefinition/fr-cda-groupe-de-questionnaires-d-evaluation,StructureDefinition/fr-cda-observation-sur-la-grossesse,StructureDefinition/fr-cda-resultats,StructureDefinition/fr-cda-quantite-de-produit,StructureDefinition/fr-cda-gravite-effet-indesirable,StructureDefinition/fr-cda-reference-item-plan-traitement,StructureDefinition/fr-cda-commentaire-er,StructureDefinition/fr-cda-accidents-transfusionnels,StructureDefinition/fr-cda-evenement-indesirable-pendant-hospitalisation,StructureDefinition/fr-cda-notes-du-dispensateur,StructureDefinition/fr-cda-en-rapport-avec-ald,StructureDefinition/fr-cda-references-externes,StructureDefinition/fr-cda-rang-de-la-vaccination,StructureDefinition/fr-cda-antecedent-familial-observe,StructureDefinition/fr-cda-vaccination,StructureDefinition/fr-cda-non-remboursable,StructureDefinition/fr-cda-traitement,StructureDefinition/fr-cda-dicom-examen-imagerie,StructureDefinition/fr-cda-evaluation-composant,StructureDefinition/fr-cda-dicom-sop-instance-observation,StructureDefinition/fr-cda-probleme,StructureDefinition/fr-cda-evenement-indesirable-suite-administration-derives-sang,StructureDefinition/fr-cda-administration-de-derives-du-sang,StructureDefinition/fr-cda-statut-document,StructureDefinition/fr-cda-acte-substitution,StructureDefinition/fr-cda-periode-de-renouvellement,StructureDefinition/fr-cda-en-rapport-avec-la-prevention","THO (V3)"
http://terminology.hl7.org/ValueSet/v3-AdministrableDrugForm,3.0.0,active,"2.16.840.1.113883.1.11.14570",AdministrableDrugForm,AdministrableDrugForm,"Indicates the form in which the drug product should be administered.    This element only needs to be specified when (a) the form in which the drug is measured for dispensing differs from the form in which the drug is administered; and (b) the form in which the quantity of the administered drug being administered is not expressed as a discrete measured mass or volume.*Usage:*","StructureDefinition/fr-cda-traitement-subordonne,StructureDefinition/fr-cda-dicom-administration-radiopharmaceutique,StructureDefinition/fr-cda-vaccin-recommande,StructureDefinition/fr-cda-traitement-prescrit-subordonne,StructureDefinition/fr-cda-reference-item-prescription,StructureDefinition/fr-cda-item-plan-traitement,StructureDefinition/fr-cda-reference-item-plan-traitement,StructureDefinition/fr-cda-dose-antigene,StructureDefinition/fr-cda-traitement,StructureDefinition/fr-cda-vaccination,StructureDefinition/fr-cda-traitement-prescrit,StructureDefinition/fr-cda-dicom-administration-produit-de-sante","THO (V3)"
http://terminology.hl7.org/ValueSet/v3-EntityClassDevice,3.0.0,active,"2.16.840.1.113883.1.11.11623",EntityClassDevice,EntityClassDevice,"A subtype of ManufacturedMaterial used in an activity, without being substantially changed through that activity. The kind of device is identified by the code attribute inherited from Entity.    *Usage:* This includes durable (reusable) medical equipment as well as disposable equipment.","StructureDefinition/fr-cda-dispositif-medical,StructureDefinition/fr-cda-prelevement,StructureDefinition/fr-cda-authoring-device","THO (V3)"
http://terminology.hl7.org/ValueSet/v3-EntityClassLivingSubject,3.0.0,active,"2.16.840.1.113883.1.11.10884",EntityClassLivingSubject,EntityClassLivingSubject,"Anything that essentially has the property of life, independent of current state (a dead human corpse is still essentially a living subject.)","StructureDefinition/fr-cda-patient,StructureDefinition/fr-cda-prescription,StructureDefinition/fr-cda-sujet-personne,StructureDefinition/fr-cda-assigned-person","THO (V3)"
http://terminology.hl7.org/ValueSet/v3-EntityClassManufacturedMaterial,3.0.0,active,"2.16.840.1.113883.1.11.13934",EntityClassManufacturedMaterial,EntityClassManufacturedMaterial,"Corresponds to the ManufacturedMaterial class","StructureDefinition/FRCDAMaterialPharm,StructureDefinition/fr-cda-dicom-administration-radiopharmaceutique,StructureDefinition/fr-cda-reference-item-prescription,StructureDefinition/fr-cda-reference-item-plan-traitement,StructureDefinition/fr-cda-dicom-administration-produit-de-sante,StructureDefinition/fr-cda-produit-de-sante","THO (V3)"
http://terminology.hl7.org/ValueSet/v3-EntityClassOrganization,3.0.0,active,"2.16.840.1.113883.1.11.10889",EntityClassOrganization,EntityClassOrganization,"A social or legal structure formed by human beings.","StructureDefinition/fr-cda-prescription,StructureDefinition/fr-cda-organisme-assurance-maladie,StructureDefinition/fr-cda-represented-organization,StructureDefinition/fr-cda-intended-recipient,StructureDefinition/fr-cda-represented-custodian-organization","THO (V3)"
http://terminology.hl7.org/ValueSet/v3-EntityClassRoot,3.0.0,active,"2.16.840.1.113883.1.11.13922",EntityClassRoot,EntityClassRoot,"Corresponds to the Entity class","StructureDefinition/fr-cda-isolat-microbiologique,StructureDefinition/fr-cda-allergie-ou-hypersensibilite,StructureDefinition/fr-cda-antecedents-familiaux,StructureDefinition/fr-cda-rencontre,StructureDefinition/fr-cda-prelevement,StructureDefinition/fr-cda-organisme-assurance-maladie","THO (V3)"
http://terminology.hl7.org/ValueSet/v3-EntityDeterminer,3.0.0,active,"2.16.840.1.113883.1.11.10878",EntityDeterminer,EntityDeterminer,"EntityDeterminer in natural language grammar is the class of words that comprises articles, demonstrative pronouns, and quantifiers. In the RIM, determiner is a structural code in the Entity class to distinguish whether any given Entity object stands for some, any one, or a specific thing.","StructureDefinition/fr-cda-patient,StructureDefinition/fr-cda-isolat-microbiologique,StructureDefinition/fr-cda-sujet-personne,StructureDefinition/fr-cda-rencontre,StructureDefinition/fr-cda-prelevement,StructureDefinition/fr-cda-authoring-device,StructureDefinition/fr-cda-assigned-person,StructureDefinition/fr-cda-organisme-assurance-maladie,StructureDefinition/fr-cda-intended-recipient,StructureDefinition/fr-cda-represented-custodian-organization,StructureDefinition/fr-cda-prescription,StructureDefinition/fr-cda-allergie-ou-hypersensibilite,StructureDefinition/fr-cda-antecedents-familiaux,StructureDefinition/fr-cda-dispositif-medical,StructureDefinition/fr-cda-represented-organization","THO (V3)"
http://terminology.hl7.org/ValueSet/v3-EntityDeterminerDetermined,3.0.0,active,"2.16.840.1.113883.1.11.10879",EntityDeterminerDetermined,EntityDeterminerDetermined,"The described determiner is used to indicate that the given Entity is taken as a general description of a kind of thing that can be taken in whole, in part, or in multiples.","StructureDefinition/FRCDAMaterialPharm,StructureDefinition/fr-cda-dicom-administration-radiopharmaceutique,StructureDefinition/fr-cda-reference-item-prescription,StructureDefinition/fr-cda-reference-item-plan-traitement,StructureDefinition/fr-cda-dicom-administration-produit-de-sante,StructureDefinition/fr-cda-produit-de-sante","THO (V3)"
http://terminology.hl7.org/ValueSet/v3-Ethnicity,3.0.0,active,"2.16.840.1.113883.1.11.15836",Ethnicity,Ethnicity,"In the United States, federal standards for classifying data on ethnicity determine the categories used by federal agencies and exert a strong influence on categorization by state and local agencies and private sector organizations. The federal standards do not conceptually define ethnicity, and they recognize the absence of an anthropological or scientific basis for ethnicity classification. Instead, the federal standards acknowledge that ethnicity is a social-political construct in which an individual's own identification with a particular ethnicity is preferred to observer identification. The standards specify two minimum ethnicity categories: Hispanic or Latino, and Not Hispanic or Latino. The standards define a Hispanic or Latino as a person of ""Mexican, Puerto Rican, Cuban, South or Central America, or other Spanish culture or origin, regardless of race."" The standards stipulate that ethnicity data need not be limited to the two minimum categories, but any expansion must be collapsible to those categories. In addition, the standards stipulate that an individual can be Hispanic or Latino or can be Not Hispanic or Latino, but cannot be both.","StructureDefinition/fr-cda-patient","THO (V3)"
http://terminology.hl7.org/ValueSet/v3-IntegrityCheckAlgorithm,2.0.0,active,"2.16.840.1.113883.1.11.17385",IntegrityCheckAlgorithm,IntegrityCheckAlgorithm,"***No description***","StructureDefinition/fr-cda-traitement-prescrit-subordonne,StructureDefinition/fr-cda-prelevement,StructureDefinition/fr-cda-statut-du-probleme,StructureDefinition/fr-cda-statut,StructureDefinition/fr-cda-statut-clinique-du-patient,StructureDefinition/fr-cda-evaluation,StructureDefinition/fr-cda-allergie-ou-hypersensibilite,StructureDefinition/fr-cda-dicom-sop-instance-observation-subordonnee,StructureDefinition/fr-cda-traitement-dispense,StructureDefinition/fr-cda-dicom-technique-imagerie,StructureDefinition/fr-cda-resultat,StructureDefinition/fr-cda-dicom-observation-subordonnee,StructureDefinition/fr-cda-dicom-administration-radiopharmaceutique,StructureDefinition/fr-cda-transport-du-patient,StructureDefinition/fr-cda-observation-sur-echelle-douleur,StructureDefinition/fr-cda-type-document-attache,StructureDefinition/fr-cda-organisme-assurance-maladie,StructureDefinition/fr-cda-dicom-observation,StructureDefinition/fr-cda-simple-observation,StructureDefinition/fr-cda-criticite,StructureDefinition/fr-cda-vaccin-recommande,StructureDefinition/fr-cda-signe-vital-observe,StructureDefinition/fr-cda-acte,StructureDefinition/fr-cda-synthese-medicale-sejour,StructureDefinition/fr-cda-evaluation-composant-n2,StructureDefinition/fr-cda-recherche-de-micro-organismes,StructureDefinition/fr-cda-dispositif-medical,StructureDefinition/fr-cda-dicom-quantite-subordonnee,StructureDefinition/fr-cda-transport-du-professionnel,StructureDefinition/fr-cda-dicom-administration-produit-de-sante,StructureDefinition/fr-cda-batterie-examens-de-biologie-medicale,StructureDefinition/fr-cda-directive-anticipee,StructureDefinition/fr-cda-transfusion-de-produits-sanguins,StructureDefinition/fr-cda-en-rapport-avec-accident-travail,StructureDefinition/fr-cda-modalite-sortie,StructureDefinition/fr-cda-traitement-subordonne,StructureDefinition/fr-cda-modalite-entree,StructureDefinition/fr-cda-document-attache,StructureDefinition/fr-cda-severite,StructureDefinition/fr-cda-rencontre,StructureDefinition/fr-cda-certitude,StructureDefinition/fr-cda-traitement-prescrit,StructureDefinition/fr-cda-resultat-examens-de-biologie-element-clinique-pertinent,StructureDefinition/fr-cda-commentaire-er,StructureDefinition/fr-cda-accidents-transfusionnels,StructureDefinition/fr-cda-evenement-indesirable-pendant-hospitalisation,StructureDefinition/fr-cda-notes-du-dispensateur,StructureDefinition/fr-cda-en-rapport-avec-ald,StructureDefinition/fr-cda-references-externes,StructureDefinition/fr-cda-antecedent-familial-observe,StructureDefinition/fr-cda-vaccination,StructureDefinition/fr-cda-non-remboursable,StructureDefinition/fr-cda-traitement,StructureDefinition/fr-cda-evaluation-composant,StructureDefinition/fr-cda-dicom-sop-instance-observation,StructureDefinition/fr-cda-probleme,StructureDefinition/fr-cda-evenement,StructureDefinition/fr-cda-evenement-indesirable-suite-administration-derives-sang,StructureDefinition/fr-cda-administration-de-derives-du-sang,StructureDefinition/fr-cda-statut-document,StructureDefinition/fr-cda-demande-d-examen-ou-de-suivi,StructureDefinition/fr-cda-produit-de-sante,StructureDefinition/fr-cda-en-rapport-avec-la-prevention","THO (V3)"
http://terminology.hl7.org/ValueSet/v3-ManufacturerModelNameExample,2.0.0,active,"2.16.840.1.113883.11.21014",ManufacturerModelNameExample,Manufacturer Model Name Example,"An example value set representing the ManufacturerModelName concept domain used  to convey a coded name for the software used to author content.","StructureDefinition/fr-cda-dispositif-medical,StructureDefinition/fr-cda-prelevement,StructureDefinition/fr-cda-authoring-device","THO (V3)"
http://terminology.hl7.org/ValueSet/v3-MaritalStatus,3.0.0,active,"2.16.840.1.113883.1.11.12212",MaritalStatus,MaritalStatus,"The domestic partnership status of a person.    *Example:*Married, separated, divorced, widowed, common-law marriage.","StructureDefinition/fr-cda-patient","THO (V3)"
http://terminology.hl7.org/ValueSet/v3-MediaType,3.0.0,active,"2.16.840.1.113883.1.11.14824",MediaType,MediaType,"Internet Assigned Numbers Authority (IANA) Mime Media Types","StructureDefinition/fr-cda-traitement-prescrit-subordonne,StructureDefinition/fr-cda-prelevement,StructureDefinition/fr-cda-statut-du-probleme,StructureDefinition/fr-cda-statut,StructureDefinition/fr-cda-statut-clinique-du-patient,StructureDefinition/fr-cda-evaluation,StructureDefinition/fr-cda-allergie-ou-hypersensibilite,StructureDefinition/fr-cda-dicom-sop-instance-observation-subordonnee,StructureDefinition/fr-cda-traitement-dispense,StructureDefinition/fr-cda-dicom-technique-imagerie,StructureDefinition/fr-cda-resultat,StructureDefinition/fr-cda-dicom-observation-subordonnee,StructureDefinition/fr-cda-dicom-administration-radiopharmaceutique,StructureDefinition/fr-cda-transport-du-patient,StructureDefinition/fr-cda-observation-sur-echelle-douleur,StructureDefinition/fr-cda-type-document-attache,StructureDefinition/fr-cda-organisme-assurance-maladie,StructureDefinition/fr-cda-dicom-observation,StructureDefinition/fr-cda-simple-observation,StructureDefinition/fr-cda-criticite,StructureDefinition/fr-cda-vaccin-recommande,StructureDefinition/fr-cda-signe-vital-observe,StructureDefinition/fr-cda-acte,StructureDefinition/fr-cda-synthese-medicale-sejour,StructureDefinition/fr-cda-evaluation-composant-n2,StructureDefinition/fr-cda-recherche-de-micro-organismes,StructureDefinition/fr-cda-dispositif-medical,StructureDefinition/fr-cda-dicom-quantite-subordonnee,StructureDefinition/fr-cda-transport-du-professionnel,StructureDefinition/fr-cda-dicom-administration-produit-de-sante,StructureDefinition/fr-cda-batterie-examens-de-biologie-medicale,StructureDefinition/fr-cda-directive-anticipee,StructureDefinition/fr-cda-transfusion-de-produits-sanguins,StructureDefinition/fr-cda-en-rapport-avec-accident-travail,StructureDefinition/fr-cda-modalite-sortie,StructureDefinition/fr-cda-traitement-subordonne,StructureDefinition/fr-cda-modalite-entree,StructureDefinition/fr-cda-document-attache,StructureDefinition/fr-cda-severite,StructureDefinition/fr-cda-rencontre,StructureDefinition/fr-cda-certitude,StructureDefinition/fr-cda-traitement-prescrit,StructureDefinition/fr-cda-resultat-examens-de-biologie-element-clinique-pertinent,StructureDefinition/fr-cda-commentaire-er,StructureDefinition/fr-cda-accidents-transfusionnels,StructureDefinition/fr-cda-evenement-indesirable-pendant-hospitalisation,StructureDefinition/fr-cda-notes-du-dispensateur,StructureDefinition/fr-cda-en-rapport-avec-ald,StructureDefinition/fr-cda-references-externes,StructureDefinition/fr-cda-antecedent-familial-observe,StructureDefinition/fr-cda-vaccination,StructureDefinition/fr-cda-non-remboursable,StructureDefinition/fr-cda-traitement,StructureDefinition/fr-cda-evaluation-composant,StructureDefinition/fr-cda-dicom-sop-instance-observation,StructureDefinition/fr-cda-probleme,StructureDefinition/fr-cda-evenement,StructureDefinition/fr-cda-evenement-indesirable-suite-administration-derives-sang,StructureDefinition/fr-cda-administration-de-derives-du-sang,StructureDefinition/fr-cda-statut-document,StructureDefinition/fr-cda-demande-d-examen-ou-de-suivi,StructureDefinition/fr-cda-produit-de-sante,StructureDefinition/fr-cda-en-rapport-avec-la-prevention","THO (V3)"
http://terminology.hl7.org/ValueSet/v3-ObservationMethod,3.0.0,active,"2.16.840.1.113883.1.11.14079",ObservationMethod,ObservationMethod,"A code that provides additional detail about the means or technique used to ascertain the observation.    *Examples:* Blood pressure measurement method: arterial puncture vs. sphygmomanometer (Riva-Rocci), sitting vs. supine position, etc.    *Constraints:* In all observations the method is already partially specified by the Act.code. In this case, the methodCode NEED NOT be used at all. The methodCode MAY still be used to identify this method more clearly in addition to what is implied from the Act.code. However, an information consumer system or process SHOULD NOT depend on this methodCode information for method detail that is implied by the Act.code.    If the methodCode is used to express method detail that is also implied by the Act.code, the methodCode MUST NOT be in conflict with the implied method of the Act.code.","StructureDefinition/fr-cda-dicom-cadres-a-afficher,StructureDefinition/fr-cda-instruction-au-patient,StructureDefinition/fr-cda-dicom-cadres-references,StructureDefinition/fr-cda-statut-du-probleme,StructureDefinition/fr-cda-statut,StructureDefinition/fr-cda-statut-clinique-du-patient,StructureDefinition/fr-cda-evaluation,StructureDefinition/fr-cda-allergie-ou-hypersensibilite,StructureDefinition/fr-cda-dicom-sop-instance-observation-subordonnee,StructureDefinition/fr-cda-resultat,StructureDefinition/fr-cda-dicom-objectifs-de-reference,StructureDefinition/fr-cda-observation-sur-echelle-douleur,StructureDefinition/fr-cda-effet-indesirable,StructureDefinition/fr-cda-type-document-attache,StructureDefinition/fr-cda-dicom-observation,StructureDefinition/fr-cda-simple-observation,StructureDefinition/fr-cda-imputabilite-effet-indesirable,StructureDefinition/fr-cda-criticite,StructureDefinition/fr-cda-signe-vital-observe,StructureDefinition/fr-cda-synthese-medicale-sejour,StructureDefinition/fr-cda-evaluation-composant-n2,StructureDefinition/fr-cda-recherche-de-micro-organismes,StructureDefinition/fr-cda-directive-anticipee,StructureDefinition/fr-cda-transfusion-de-produits-sanguins,StructureDefinition/fr-cda-en-rapport-avec-accident-travail,StructureDefinition/fr-cda-evolution-effet-indesirable,StructureDefinition/fr-cda-modalite-sortie,StructureDefinition/fr-cda-modalite-entree,StructureDefinition/fr-cda-dicom-quantite,StructureDefinition/fr-cda-severite,StructureDefinition/fr-cda-certitude,StructureDefinition/fr-cda-habitus-mode-de-vie,StructureDefinition/fr-cda-resultat-examens-de-biologie-element-clinique-pertinent,StructureDefinition/fr-cda-identification-micro-organismes-multiresistants,StructureDefinition/fr-cda-hors-amm,StructureDefinition/fr-cda-observation-sur-la-grossesse,StructureDefinition/fr-cda-gravite-effet-indesirable,StructureDefinition/fr-cda-accidents-transfusionnels,StructureDefinition/fr-cda-evenement-indesirable-pendant-hospitalisation,StructureDefinition/fr-cda-en-rapport-avec-ald,StructureDefinition/fr-cda-rang-de-la-vaccination,StructureDefinition/fr-cda-antecedent-familial-observe,StructureDefinition/fr-cda-non-remboursable,StructureDefinition/fr-cda-evaluation-composant,StructureDefinition/fr-cda-dicom-sop-instance-observation,StructureDefinition/fr-cda-probleme,StructureDefinition/fr-cda-evenement-indesirable-suite-administration-derives-sang,StructureDefinition/fr-cda-administration-de-derives-du-sang,StructureDefinition/fr-cda-statut-document,StructureDefinition/fr-cda-demande-d-examen-ou-de-suivi,StructureDefinition/fr-cda-en-rapport-avec-la-prevention","THO (V3)"
http://terminology.hl7.org/ValueSet/v3-ObservationType,3.0.0,active,"2.16.840.1.113883.1.11.16226",ObservationType,ObservationType,"Identifies the kinds of observations that can be performed","StructureDefinition/fr-cda-evolution-effet-indesirable,StructureDefinition/fr-cda-dicom-cadres-a-afficher,StructureDefinition/fr-cda-modalite-entree,StructureDefinition/fr-cda-modalite-sortie,StructureDefinition/fr-cda-severite,StructureDefinition/fr-cda-certitude,StructureDefinition/fr-cda-instruction-au-patient,StructureDefinition/fr-cda-dicom-cadres-references,StructureDefinition/fr-cda-statut-du-probleme,StructureDefinition/fr-cda-resultat-examens-de-biologie-element-clinique-pertinent,StructureDefinition/fr-cda-statut,StructureDefinition/fr-cda-statut-clinique-du-patient,StructureDefinition/fr-cda-identification-micro-organismes-multiresistants,StructureDefinition/fr-cda-hors-amm,StructureDefinition/fr-cda-observation-sur-la-grossesse,StructureDefinition/fr-cda-evaluation,StructureDefinition/fr-cda-gravite-effet-indesirable,StructureDefinition/fr-cda-accidents-transfusionnels,StructureDefinition/fr-cda-resultat,StructureDefinition/fr-cda-dicom-observation-subordonnee,StructureDefinition/fr-cda-evenement-indesirable-pendant-hospitalisation,StructureDefinition/fr-cda-en-rapport-avec-ald,StructureDefinition/fr-cda-dicom-objectifs-de-reference,StructureDefinition/fr-cda-rang-de-la-vaccination,StructureDefinition/fr-cda-observation-sur-echelle-douleur,StructureDefinition/fr-cda-non-remboursable,StructureDefinition/fr-cda-type-document-attache,StructureDefinition/fr-cda-evaluation-composant,StructureDefinition/fr-cda-dicom-observation,StructureDefinition/fr-cda-simple-observation,StructureDefinition/fr-cda-imputabilite-effet-indesirable,StructureDefinition/fr-cda-criticite,StructureDefinition/fr-cda-synthese-medicale-sejour,StructureDefinition/fr-cda-evaluation-composant-n2,StructureDefinition/fr-cda-recherche-de-micro-organismes,StructureDefinition/fr-cda-evenement-indesirable-suite-administration-derives-sang,StructureDefinition/fr-cda-administration-de-derives-du-sang,StructureDefinition/fr-cda-statut-document,StructureDefinition/fr-cda-demande-d-examen-ou-de-suivi,StructureDefinition/fr-cda-transfusion-de-produits-sanguins,StructureDefinition/fr-cda-en-rapport-avec-accident-travail,StructureDefinition/fr-cda-en-rapport-avec-la-prevention","THO (V3)"
http://terminology.hl7.org/ValueSet/v3-OrganizationIndustryClassNAICS,3.0.0,active,"2.16.840.1.113883.1.11.19298",OrganizationIndustryClassNAICS,OrganizationIndustryClassNAICS,"***No description***","StructureDefinition/fr-cda-prescription,StructureDefinition/fr-cda-organisme-assurance-maladie,StructureDefinition/fr-cda-represented-organization,StructureDefinition/fr-cda-intended-recipient","THO"
http://terminology.hl7.org/ValueSet/v3-ParticipationPhysicalPerformer,3.0.0,active,"2.16.840.1.113883.1.11.10248",ParticipationPhysicalPerformer,ParticipationPhysicalPerformer,"A person who actually and principally carries out the action. Need not be the principal responsible actor, e.g. a surgery resident operating under supervision of attending surgeon, and may be the patient in self-care, e.g. fingerstick blood sugar. The traditional order filler is a performer. This information should accompany every service event.","StructureDefinition/fr-cda-performer-corps,StructureDefinition/fr-cda-prescription,StructureDefinition/fr-cda-laboratoire-executant,StructureDefinition/fr-cda-dispositif-medical,StructureDefinition/fr-cda-rencontre,StructureDefinition/fr-cda-organisme-assurance-maladie","THO (V3)"
http://terminology.hl7.org/ValueSet/v3-ParticipationTargetDirect,3.0.0,active,"2.16.840.1.113883.1.11.10286",ParticipationTargetDirect,ParticipationTargetDirect,"Target that is substantially present in the service and which is directly affected by the service action (includes consumed material, devices, etc.).","StructureDefinition/fr-cda-prescription,StructureDefinition/fr-cda-quantite-de-produit,StructureDefinition/fr-cda-dispositif-medical,StructureDefinition/fr-cda-traitement-dispense,StructureDefinition/fr-cda-periode-de-renouvellement","THO (V3)"
http://terminology.hl7.org/ValueSet/v3-ParticipationTargetLocation,3.0.0,active,"2.16.840.1.113883.1.11.10302",ParticipationTargetLocation,ParticipationTargetLocation,"The facility where the service is done. May be a static building (or room therein) or a moving location (e.g., ambulance, helicopter, aircraft, train, truck, ship, etc.)","StructureDefinition/fr-cda-encompassing-encounter","THO (V3)"
http://terminology.hl7.org/ValueSet/v3-ParticipationTargetSubject,3.0.0,active,"2.16.840.1.113883.1.11.19584",ParticipationTargetSubject,ParticipationTargetSubject,"The principle target that the service acts on. E.g. the patient in physical examination, a specimen in a lab observation. May also be a patient's family member (teaching) or a device or room (cleaning, disinfecting, housekeeping). Note: not all direct targets are subjects, consumables, and devices used as tools for a service are not subjects. However, a device may be a subject of a maintenance service.","StructureDefinition/fr-cda-patient-avec-sujet-non-humain,StructureDefinition/fr-cda-sujet,StructureDefinition/fr-cda-sujet-non-humain","THO (V3)"
http://terminology.hl7.org/ValueSet/v3-PersonalRelationshipRoleType,3.0.0,active,"2.16.840.1.113883.1.11.19563",PersonalRelationshipRoleType,PersonalRelationshipRoleType,"Types of personal relationships between two living subjects.    *Example:*Parent, sibling, unrelated friend, neighbor","StructureDefinition/fr-cda-patient-avec-sujet-non-humain,StructureDefinition/fr-cda-sujet-non-humain","THO (V3)"
http://terminology.hl7.org/ValueSet/v3-Race,3.0.0,active,"2.16.840.1.113883.1.11.14914",Race,Race,"In the United States, federal standards for classifying data on race determine the categories used by federal agencies and exert a strong influence on categorization by state and local agencies and private sector organizations. The federal standards do not conceptually define race, and they recognize the absence of an anthropological or scientific basis for racial classification. Instead, the federal standards acknowledge that race is a social-political construct in which an individual's own identification with one more race categories is preferred to observer identification. The standards use a variety of features to define five minimum race categories. Among these features are descent from ""the original peoples"" of a specified region or nation. The minimum race categories are American Indian or Alaska Native, Asian, Black or African American, Native Hawaiian or Other Pacific Islander, and White. The federal standards stipulate that race data need not be limited to the five minimum categories, but any expansion must be collapsible to those categories.","StructureDefinition/fr-cda-patient","THO (V3)"
http://terminology.hl7.org/ValueSet/v3-RelationshipConjunction,2.0.0,active,"2.16.840.1.113883.1.11.10365",RelationshipConjunction,RelationshipConjunction,"A code specifying the logical conjunction of the criteria among all the condition-links of Acts (e.g., and, or, exclusive-or.)    *Constraints:* All AND criteria must be true. If OR and AND criteria occur together, one criterion out of the OR-group must be true and all AND criteria must be true also. If XOR criteria occur together with OR and AND criteria, exactly one of the XOR criteria must be true, and at least one of the OR criteria and all AND criteria must be true. In other words, the sets of AND, OR, and XOR criteria are in turn combined by a logical AND operator (all AND criteria and at least one OR criterion and exactly one XOR criterion.) To overcome this ordering, Act criteria can be nested in any way necessary.","StructureDefinition/fr-cda-resultat-examens-de-biologie-element-clinique-pertinent","THO (V3)"
http://terminology.hl7.org/ValueSet/v3-ReligiousAffiliation,3.0.0,active,"2.16.840.1.113883.1.11.19185",ReligiousAffiliation,ReligiousAffiliation,"Assigment of spiritual faith affiliation","StructureDefinition/fr-cda-patient","THO (V3)"
http://terminology.hl7.org/ValueSet/v3-RoleClassAssignedEntity,3.0.0,active,"2.16.840.1.113883.1.11.11595",RoleClassAssignedEntity,RoleClassAssignedEntity,"An agent role in which the agent is an Entity acting in the employ of an organization. The focus is on functional role on behalf of the organization, unlike the Employee role where the focus is on the 'Human Resources' relationship between the employee and the organization.","StructureDefinition/fr-cda-legal-authenticator,StructureDefinition/fr-cda-prescription,StructureDefinition/fr-cda-assigned-custodian,StructureDefinition/fr-cda-performer,StructureDefinition/fr-cda-service-event,StructureDefinition/fr-cda-organisme-assurance-maladie,StructureDefinition/fr-cda-assigned-author,StructureDefinition/fr-cda-assigned-entity","THO (V3)"
http://terminology.hl7.org/ValueSet/v3-RoleClassManufacturedProduct,3.0.0,active,"2.16.840.1.113883.1.11.11580",RoleClassManufacturedProduct,RoleClassManufacturedProduct,"Scoped by the manufacturer","StructureDefinition/fr-cda-dicom-administration-radiopharmaceutique,StructureDefinition/fr-cda-reference-item-prescription,StructureDefinition/fr-cda-reference-item-plan-traitement,StructureDefinition/fr-cda-dicom-administration-produit-de-sante,StructureDefinition/fr-cda-produit-de-sante","THO (V3)"
http://terminology.hl7.org/ValueSet/v3-RoleClassRelationshipFormal,3.0.0,active,"2.16.840.1.113883.1.11.10416",RoleClassRelationshipFormal,RoleClassRelationshipFormal,"A relationship between two entities that is formally recognized, frequently by a contract or similar agreement.","StructureDefinition/fr-cda-patient-role","THO (V3)"
http://terminology.hl7.org/ValueSet/v3-RoleClassServiceDeliveryLocation,3.0.0,active,"2.16.840.1.113883.1.11.16927",RoleClassServiceDeliveryLocation,RoleClassServiceDeliveryLocation,"A role played by a place at which services may be provided.","StructureDefinition/fr-cda-health-care-facility","THO (V3)"
http://terminology.hl7.org/ValueSet/v3-RoleClassSpecimen,3.0.0,active,"2.16.840.1.113883.1.11.11591",RoleClassSpecimen,RoleClassSpecimen,"A role played by a material entity that is a specimen for an act. It is scoped by the source of the specimen.","StructureDefinition/fr-cda-isolat-microbiologique","THO (V3)"
http://terminology.hl7.org/ValueSet/v3-RouteOfAdministration,3.0.0,active,"2.16.840.1.113883.1.11.14581",RouteOfAdministration,RouteOfAdministration,"The path the administered medication takes to get into the body or into contact with the body.","StructureDefinition/fr-cda-traitement-subordonne,StructureDefinition/fr-cda-dicom-administration-radiopharmaceutique,StructureDefinition/fr-cda-traitement-prescrit-subordonne,StructureDefinition/fr-cda-reference-item-prescription,StructureDefinition/fr-cda-reference-item-plan-traitement,StructureDefinition/fr-cda-dose-antigene,StructureDefinition/fr-cda-traitement,StructureDefinition/fr-cda-traitement-prescrit,StructureDefinition/fr-cda-dicom-administration-produit-de-sante","THO (V3)"
http://terminology.hl7.org/ValueSet/v3-SoftwareNameExample,2.0.0,active,"2.16.840.1.113883.11.21015",SoftwareNameExample,Software Name Example,"An example value set representing the SoftwareName concept domain used to convey a coded name for a device..","StructureDefinition/fr-cda-dispositif-medical,StructureDefinition/fr-cda-prelevement,StructureDefinition/fr-cda-authoring-device","THO (V3)"
http://terminology.hl7.org/ValueSet/v3-TargetAwareness,3.0.0,active,"2.16.840.1.113883.1.11.10310",TargetAwareness,TargetAwareness,"A code specifying the extent to which the Entity playing the participating Role (usually as a target Participation) is aware of the associated Act.    *Examples:* For diagnostic observations, is the patient, family member or other participant aware of his terminal illness?    *Discussion:* If the awareness, denial, unconsciousness, etc. is the subject of medical considerations (e.g., part of the problem list), one should use explicit observations in these matters as well, and should not solely rely on this simple attribute in the Participation.","StructureDefinition/fr-cda-patient-avec-sujet-non-humain,StructureDefinition/fr-cda-sujet,StructureDefinition/fr-cda-sujet-non-humain","THO (V3)"
http://terminology.hl7.org/ValueSet/v3-TelecommunicationAddressUse,2.0.0,active,"2.16.840.1.113883.1.11.201",TelecommunicationAddressUse,TelecommunicationAddressUse,"***No description***","StructureDefinition/fr-cda-prelevement,StructureDefinition/fr-cda-dicom-technique-imagerie,StructureDefinition/cisis-telecom","THO (V3)"
http://terminology.hl7.org/ValueSet/v3-USEncounterDischargeDisposition,5.0.0,active,"2.16.840.1.113883.1.11.19453",USEncounterDischargeDisposition,USEncounterDischargeDisposition,"These codes cannot be displayed because of AHA's NUBC Patient Discharge Status Codes Intellectual Property (IP) restrictions. To access these codes, see the [National Uniform Billing Committee](http://www.nubc.org/), manual UB-04, UB form locator 17.","StructureDefinition/fr-cda-encompassing-encounter","hl7.terminology.r5"
http://terminology.hl7.org/ValueSet/v3-xActClassDocumentEntryAct,2.0.0,active,"2.16.840.1.113883.1.11.19599",XActClassDocumentEntryAct,x_ActClassDocumentEntryAct,"The set of Act class codes allowed for the ACT class clone in the CDA Clinical Statement model. The scope of this value set are those Act class codes not otherwise covered by specific classes in the CDA Clinical Statement model and required to enable representation of Clinical Statement in CDA.","StructureDefinition/fr-cda-notes-du-dispensateur,StructureDefinition/fr-cda-references-externes,StructureDefinition/fr-cda-transport-du-patient,StructureDefinition/fr-cda-prelevement,StructureDefinition/fr-cda-dicom-serie-imagerie,StructureDefinition/fr-cda-liste-des-problemes,StructureDefinition/fr-cda-organisme-assurance-maladie,StructureDefinition/fr-cda-dicom-examen-imagerie,StructureDefinition/fr-cda-autorisation-substitution,StructureDefinition/fr-cda-instructions-au-patient,StructureDefinition/fr-cda-liste-des-allergies-et-hypersensibilites,StructureDefinition/fr-cda-reference-interne,StructureDefinition/fr-cda-transport-du-professionnel,StructureDefinition/fr-cda-commentaire-er,StructureDefinition/fr-cda-resultats-examens-de-biologie-medicale,StructureDefinition/fr-cda-acte-substitution,StructureDefinition/fr-cda-instructions-au-dispensateur","THO (V3)"
http://terminology.hl7.org/ValueSet/v3-xActClassDocumentEntryOrganizer,2.0.0,active,"2.16.840.1.113883.1.11.19598",XActClassDocumentEntryOrganizer,x_ActClassDocumentEntryOrganizer,"***No description***","StructureDefinition/fr-cda-groupe-de-questionnaires-d-evaluation,StructureDefinition/fr-cda-resultats,StructureDefinition/fr-cda-isolat-microbiologique,StructureDefinition/fr-cda-document-attache,StructureDefinition/fr-cda-antecedents-familiaux,StructureDefinition/fr-cda-naissance,StructureDefinition/fr-cda-signes-vitaux,StructureDefinition/fr-cda-batterie-examens-de-biologie-medicale,StructureDefinition/fr-cda-historique-de-la-grossesse","THO (V3)"
http://terminology.hl7.org/ValueSet/v3-xActMoodDocumentObservation,2.0.0,active,"2.16.840.1.113883.1.11.18943",XActMoodDocumentObservation,x_ActMoodDocumentObservation,"Used to enumerate the moods that an observation can take within the body of a clinical document.","StructureDefinition/fr-cda-dicom-cadres-a-afficher,StructureDefinition/fr-cda-instruction-au-patient,StructureDefinition/fr-cda-statut-du-probleme,StructureDefinition/fr-cda-statut,StructureDefinition/fr-cda-statut-clinique-du-patient,StructureDefinition/fr-cda-evaluation,StructureDefinition/fr-cda-allergie-ou-hypersensibilite,StructureDefinition/fr-cda-resultat,StructureDefinition/fr-cda-dicom-observation-subordonnee,StructureDefinition/fr-cda-observation-sur-echelle-douleur,StructureDefinition/fr-cda-effet-indesirable,StructureDefinition/fr-cda-type-document-attache,StructureDefinition/fr-cda-dicom-observation,StructureDefinition/fr-cda-simple-observation,StructureDefinition/fr-cda-imputabilite-effet-indesirable,StructureDefinition/fr-cda-criticite,StructureDefinition/fr-cda-signe-vital-observe,StructureDefinition/fr-cda-synthese-medicale-sejour,StructureDefinition/fr-cda-evaluation-composant-n2,StructureDefinition/fr-cda-recherche-de-micro-organismes,StructureDefinition/fr-cda-dicom-quantite-subordonnee,StructureDefinition/fr-cda-directive-anticipee,StructureDefinition/fr-cda-transfusion-de-produits-sanguins,StructureDefinition/fr-cda-en-rapport-avec-accident-travail,StructureDefinition/fr-cda-evolution-effet-indesirable,StructureDefinition/fr-cda-modalite-sortie,StructureDefinition/fr-cda-modalite-entree,StructureDefinition/fr-cda-dicom-quantite,StructureDefinition/fr-cda-severite,StructureDefinition/fr-cda-certitude,StructureDefinition/fr-cda-habitus-mode-de-vie,StructureDefinition/fr-cda-resultat-examens-de-biologie-element-clinique-pertinent,StructureDefinition/fr-cda-identification-micro-organismes-multiresistants,StructureDefinition/fr-cda-hors-amm,StructureDefinition/fr-cda-observation-sur-la-grossesse,StructureDefinition/fr-cda-gravite-effet-indesirable,StructureDefinition/fr-cda-accidents-transfusionnels,StructureDefinition/fr-cda-evenement-indesirable-pendant-hospitalisation,StructureDefinition/fr-cda-en-rapport-avec-ald,StructureDefinition/fr-cda-rang-de-la-vaccination,StructureDefinition/fr-cda-antecedent-familial-observe,StructureDefinition/fr-cda-non-remboursable,StructureDefinition/fr-cda-evaluation-composant,StructureDefinition/fr-cda-dicom-sop-instance-observation,StructureDefinition/fr-cda-probleme,StructureDefinition/fr-cda-evenement-indesirable-suite-administration-derives-sang,StructureDefinition/fr-cda-administration-de-derives-du-sang,StructureDefinition/fr-cda-statut-document,StructureDefinition/fr-cda-demande-d-examen-ou-de-suivi,StructureDefinition/fr-cda-en-rapport-avec-la-prevention","THO (V3)"
http://terminology.hl7.org/ValueSet/v3-xActRelationshipDocument,3.0.0,active,"2.16.840.1.113883.1.11.11610",XActRelationshipDocument,x_ActRelationshipDocument,"Used to enumerate the relationships between two clinical documents for document management.","StructureDefinition/fr-cda-related-document","THO (V3)"
http://terminology.hl7.org/ValueSet/v3-xActRelationshipEntry,3.0.0,active,"2.16.840.1.113883.1.11.19446",XActRelationshipEntry,x_ActRelationshipEntry,"Used to enumerate the relationships between a CDA section and its contained entries.","StructureDefinition/fr-cda-antecedents-medicaux,StructureDefinition/fr-cda-problemes-actifs,StructureDefinition/fr-cda-documents-ajoutes,StructureDefinition/fr-cda-cr-bio-sous-chapitre,StructureDefinition/fr-cda-cr-bio-chapitre,StructureDefinition/fr-cda-dicom-historique-medical,StructureDefinition/fr-dispositifs-medicaux,StructureDefinition/fr-cda-plan-de-soins,StructureDefinition/fr-cda-resultats-de-biologie-de-seconde-intention,StructureDefinition/fr-cda-document-pdf-copie,StructureDefinition/fr-cda-statut-du-document,StructureDefinition/fr-cda-historique-des-grossesses,StructureDefinition/fr-cda-code-a-barres,StructureDefinition/fr-cda-fonctions-physiques,StructureDefinition/fr-cda-raison-de-la-recommandation,StructureDefinition/fr-cda-effets-indesirables,StructureDefinition/fr-cda-resultats-examens,StructureDefinition/fr-cda-statut-fonctionnel,StructureDefinition/fr-cda-allergies-et-hypersensibilites,StructureDefinition/fr-cda-prescription-dispositifs-medicaux,StructureDefinition/fr-cda-prescription-medicaments,StructureDefinition/fr-cda-dispensation-medicaments,StructureDefinition/fr-cda-section-habitus-mode-de-vie,StructureDefinition/fr-cda-traitements-a-la-sortie,StructureDefinition/fr-cda-resultats-evenements,StructureDefinition/fr-cda-historique-des-actes,StructureDefinition/fr-cda-traitements,StructureDefinition/fr-cda-dicom-object-catalog,StructureDefinition/fr-cda-section-signes-vitaux,StructureDefinition/fr-cda-section-antecedents-familiaux,StructureDefinition/fr-cda-education-du-patient,StructureDefinition/fr-cda-dicom-acte-imagerie,StructureDefinition/fr-cda-vaccinations,StructureDefinition/fr-cda-traitements-administres,StructureDefinition/fr-cda-dicom-exposition-aux-radiations,StructureDefinition/fr-cda-section-resultats","THO (V3)"
http://terminology.hl7.org/ValueSet/v3-xActRelationshipEntryRelationship,3.0.0,active,"2.16.840.1.113883.1.11.19447",XActRelationshipEntryRelationship,x_ActRelationshipEntryRelationship,"Used to enumerate the relationships between two CDA entries.","StructureDefinition/fr-cda-reference-item-prescription,StructureDefinition/fr-cda-prelevement,StructureDefinition/fr-cda-dicom-cadres-references,StructureDefinition/fr-cda-dicom-serie-imagerie,StructureDefinition/fr-cda-traitement-prescrit,StructureDefinition/fr-cda-resultat-examens-de-biologie-element-clinique-pertinent,StructureDefinition/fr-cda-prescription,StructureDefinition/fr-cda-evaluation,StructureDefinition/fr-cda-dicom-sop-instance-observation-subordonnee,StructureDefinition/fr-cda-allergie-ou-hypersensibilite,StructureDefinition/fr-cda-reference-item-plan-traitement,StructureDefinition/fr-cda-traitement-dispense,StructureDefinition/fr-cda-resultat,StructureDefinition/fr-cda-transport-du-patient,StructureDefinition/fr-cda-vaccination,StructureDefinition/fr-cda-traitement,StructureDefinition/fr-cda-effet-indesirable,StructureDefinition/fr-cda-liste-des-problemes,StructureDefinition/fr-cda-organisme-assurance-maladie,StructureDefinition/fr-cda-dicom-examen-imagerie,StructureDefinition/fr-cda-evaluation-composant,StructureDefinition/fr-cda-dicom-observation,StructureDefinition/fr-cda-instructions-au-patient,StructureDefinition/fr-cda-dicom-sop-instance-observation,StructureDefinition/fr-cda-vaccin-recommande,StructureDefinition/fr-cda-liste-des-allergies-et-hypersensibilites,StructureDefinition/fr-cda-probleme,StructureDefinition/fr-cda-evenement,StructureDefinition/fr-cda-acte,StructureDefinition/fr-cda-evaluation-composant-n2,StructureDefinition/fr-cda-item-plan-traitement,StructureDefinition/fr-cda-dispositif-medical,StructureDefinition/fr-cda-transport-du-professionnel,StructureDefinition/fr-cda-resultats-examens-de-biologie-medicale,StructureDefinition/fr-cda-directive-anticipee","THO (V3)"
http://terminology.hl7.org/ValueSet/v3-xActRelationshipExternalReference,3.0.0,active,"2.16.840.1.113883.1.11.19000",XActRelationshipExternalReference,x_ActRelationshipExternalReference,"Used to enumerate the relationships between a CDA entry and an externally referenced act.","StructureDefinition/fr-cda-probleme,StructureDefinition/fr-cda-reference-item-prescription,StructureDefinition/fr-cda-reference-item-plan-traitement,StructureDefinition/fr-cda-traitement-prescrit,StructureDefinition/fr-cda-directive-anticipee","THO (V3)"
http://terminology.hl7.org/ValueSet/v3-xDocumentActMood,2.0.0,active,"2.16.840.1.113883.1.11.19458",XDocumentActMood,x_DocumentActMood,"Used to enumerate the moods that an act can take within the body of a clinical document.","StructureDefinition/fr-cda-notes-du-dispensateur,StructureDefinition/fr-cda-references-externes,StructureDefinition/fr-cda-transport-du-patient,StructureDefinition/fr-cda-prelevement,StructureDefinition/fr-cda-dicom-serie-imagerie,StructureDefinition/fr-cda-liste-des-problemes,StructureDefinition/fr-cda-organisme-assurance-maladie,StructureDefinition/fr-cda-dicom-examen-imagerie,StructureDefinition/fr-cda-autorisation-substitution,StructureDefinition/fr-cda-instructions-au-patient,StructureDefinition/fr-cda-liste-des-allergies-et-hypersensibilites,StructureDefinition/fr-cda-reference-interne,StructureDefinition/fr-cda-transport-du-professionnel,StructureDefinition/fr-cda-commentaire-er,StructureDefinition/fr-cda-resultats-examens-de-biologie-medicale,StructureDefinition/fr-cda-acte-substitution,StructureDefinition/fr-cda-instructions-au-dispensateur","THO (V3)"
http://terminology.hl7.org/ValueSet/v3-xDocumentEncounterMood,2.0.0,active,"2.16.840.1.113883.1.11.19459",XDocumentEncounterMood,x_DocumentEncounterMood,"Used to enumerate the moods that an encounter can take within the body of a clinical document.","StructureDefinition/fr-cda-evenement","THO (V3)"
http://terminology.hl7.org/ValueSet/v3-xDocumentProcedureMood,3.0.0,active,"2.16.840.1.113883.1.11.19460",XDocumentProcedureMood,x_DocumentProcedureMood,"Used to enumerate the moods that a procedure can take within the body of a clinical document.","StructureDefinition/fr-cda-acte,StructureDefinition/fr-cda-prelevement,StructureDefinition/fr-cda-dicom-technique-imagerie,StructureDefinition/fr-cda-dicom-exposition-patient","THO (V3)"
http://terminology.hl7.org/ValueSet/v3-xDocumentSubstanceMood,2.0.0,active,"2.16.840.1.113883.1.11.19461",XDocumentSubstanceMood,x_DocumentSubstanceMood,"Used to enumerate the moods that a substance administration can take within the body of a clinical document.","StructureDefinition/fr-cda-traitement-subordonne,StructureDefinition/fr-cda-dicom-administration-radiopharmaceutique,StructureDefinition/fr-cda-traitement-prescrit-subordonne,StructureDefinition/fr-cda-reference-item-prescription,StructureDefinition/fr-cda-dose-antigene,StructureDefinition/fr-cda-traitement,StructureDefinition/fr-cda-vaccination,StructureDefinition/fr-cda-traitement-prescrit,StructureDefinition/fr-cda-prescription,StructureDefinition/fr-cda-vaccin-recommande,StructureDefinition/fr-cda-quantite-de-produit,StructureDefinition/fr-cda-item-plan-traitement,StructureDefinition/fr-cda-reference-item-plan-traitement,StructureDefinition/fr-cda-dispositif-medical,StructureDefinition/fr-cda-dicom-administration-produit-de-sante,StructureDefinition/fr-cda-traitement-dispense,StructureDefinition/fr-cda-periode-de-renouvellement","THO (V3)"
http://terminology.hl7.org/ValueSet/v3-xInformationRecipient,2.0.0,active,"2.16.840.1.113883.1.11.19366",XInformationRecipient,x_InformationRecipient,"Used to represent participant(s) who should receive a copy of a document.","StructureDefinition/fr-cda-information-recipient","THO (V3)"
http://terminology.hl7.org/ValueSet/v3-xServiceEventPerformer,3.0.0,active,"2.16.840.1.113883.1.11.19601",XServiceEventPerformer,x_ServiceEventPerformer,"Clones using this x\_domain should have a name ""performer"".","StructureDefinition/fr-cda-performer,StructureDefinition/fr-cda-service-event","THO (V3)"
https://interop.esante.gouv.fr/ig/cda/document-core/ValueSet/fr-valueset-code-traitement,0.1.0,draft,,FRValueSetCodeTraitement,ValueSet - FR ValueSet Code Traitement,"Jeu de valeurs regroupant les codes de traitement","StructureDefinition/fr-cda-traitement",
https://interop.esante.gouv.fr/ig/cda/document-core/ValueSet/fr-valueset-reference-externe,0.1.0,draft,,FRValueSetReferenceExterne,ValueSet - FR ValueSet Reference externe,"Jeu de valeurs regroupant les typeCode du document référencé","StructureDefinition/fr-cda-references-externes","THO (V3)"
https://interop.esante.gouv.fr/ig/cda/document-core/ValueSet/fr-valueset-status-code,0.1.0,draft,,FRValueSetStatusCode,ValueSet - FR ValueSet StatusCode,"Jeu de valeurs permet d'indique le niveau de complétude des résultats d’un examen (complet, partiel ou abandonné).  - 'completed' : Rendu final complet. Tous les résultats attendus pour cet examen sont présents.  - 'active' : Rendu partiel. Certains résultats sont encore à venir pour cet examen.  - 'aborted' : L'examen est abandonné. Quelques résultats peuvent apparaître.","StructureDefinition/fr-cda-isolat-microbiologique,StructureDefinition/fr-cda-resultats-examens-de-biologie-medicale","Other"
https://interop.esante.gouv.fr/ig/cda/document-core/ValueSet/fr-valueset-statut-du-probleme,0.1.0,draft,,FRValueSetStatutDuProbleme,ValueSet - FR ValueSet Statut du problème,"Jeu de valeurs regroupant les codes de statut du problème et des allergies/intolérances","StructureDefinition/fr-cda-statut-du-probleme",
https://interop.esante.gouv.fr/ig/cda/document-core/ValueSet/fr-valueset-type-vaccination,0.1.0,draft,,FRValueSetTypeVaccination,ValueSet - FR ValueSet Type Vaccination,"Jeu de valeurs regroupant les codes de type de vaccination","StructureDefinition/fr-cda-vaccination",
https://mos.esante.gouv.fr/NOS/JDV_J01-XdsAuthorSpecialty-CISIS/FHIR/JDV-J01-XdsAuthorSpecialty-CISIS,20260505120000,active,"1.2.250.1.213.1.1.5.461",JDV_J01_XdsAuthorSpecialty_CISIS,,"XDS authorSpecialty CI-SIS","StructureDefinition/fr-cda-legal-authenticator,StructureDefinition/fr-cda-performer,StructureDefinition/fr-cda-service-event,StructureDefinition/fr-cda-assigned-author,StructureDefinition/fr-cda-associated-entity","ans.fr.terminologies"
https://mos.esante.gouv.fr/NOS/JDV_J02-XdsHealthcareFacilityTypeCode-CISIS/FHIR/JDV-J02-XdsHealthcareFacilityTypeCode-CISIS,20260223120000,active,"1.2.250.1.213.1.1.5.466",JDV_J02_XdsHealthcareFacilityTypeCode_CISIS,,"XDS healthcareFacilityTypeCode CI-SIS","StructureDefinition/fr-cda-health-care-facility","ans.fr.terminologies"
https://mos.esante.gouv.fr/NOS/JDV_J04-XdsPracticeSettingCode-CISIS/FHIR/JDV-J04-XdsPracticeSettingCode-CISIS,20240927120000,active,"1.2.250.1.213.1.1.5.467",JDV_J04_XdsPracticeSettingCode_CISIS,,"XDS practiceSettingCode CI-SIS","StructureDefinition/fr-cda-represented-organization,StructureDefinition/fr-cda-intended-recipient","ans.fr.terminologies"
https://mos.esante.gouv.fr/NOS/JDV_J11-RelationPatient-CISIS/FHIR/JDV-J11-RelationPatient-CISIS,20200424120000,active,"1.2.250.1.213.3.3.16",JDV_J11_RelationPatient_CISIS,,"Relation par rapport au patient - CI-SIS","StructureDefinition/fr-cda-related-entity","ans.fr.terminologies"
https://mos.esante.gouv.fr/NOS/JDV_J140-EncounterParticipationType-CISIS/FHIR/JDV-J140-EncounterParticipationType-CISIS,20210326120000,active,"1.2.250.1.213.1.1.5.528",JDV_J140_EncounterParticipationType_CISIS,,"JDV_J140-EncounterParticipationType-CISIS","StructureDefinition/fr-cda-encounter-participant","ans.fr.terminologies"
https://mos.esante.gouv.fr/NOS/JDV_J141-RoleClass-CISIS/FHIR/JDV-J141-RoleClass-CISIS,20210326120000,active,"1.2.250.1.213.1.1.5.588",JDV_J141_RoleClass_CISIS,,"RoleClassAssociative CI-SIS","StructureDefinition/fr-cda-associated-entity","ans.fr.terminologies"
https://mos.esante.gouv.fr/NOS/JDV_J142-TypeRencontre-CISIS/FHIR/JDV-J142-TypeRencontre-CISIS,20210326120000,active,"1.2.250.1.213.1.1.5.589",JDV_J142_TypeRencontre_CISIS,,"Type de prise en charge CI-SIS","StructureDefinition/fr-cda-encompassing-encounter","ans.fr.terminologies"
https://mos.esante.gouv.fr/NOS/JDV_J143-AdministrativeGender-CISIS/FHIR/JDV-J143-AdministrativeGender-CISIS,20210326120000,active,"1.2.250.1.213.1.1.5.590",JDV_J143_AdministrativeGender_CISIS,,"Sexe administratif CI-SIS","StructureDefinition/fr-cda-patient","ans.fr.terminologies"
https://mos.esante.gouv.fr/NOS/JDV_J245-Civilite-CISIS/FHIR/JDV-J245-Civilite-CISIS,20230331120000,active,"1.2.250.1.213.1.1.5.718",JDV_J245_Civilite_CISIS,,"Civilités CI-SIS","StructureDefinition/fr-cda-name","ans.fr.terminologies"
https://mos.esante.gouv.fr/NOS/JDV_J246-Titre-CISIS/FHIR/JDV-J246-Titre-CISIS,20240126120000,active,"1.2.250.1.213.1.1.5.719",JDV_J246_Titre_CISIS,,"Civilités CI-SIS","StructureDefinition/fr-cda-name","ans.fr.terminologies"
https://mos.esante.gouv.fr/NOS/JDV_J47-FunctionCode-CISIS/FHIR/JDV-J47-FunctionCode-CISIS,20250523120000,active,"1.2.250.1.213.1.1.5.124",JDV_J47_FunctionCode_CISIS,,"Rôles fonctionnels","StructureDefinition/fr-cda-author,StructureDefinition/fr-cda-performer-corps,StructureDefinition/fr-cda-laboratoire-executant,StructureDefinition/fr-cda-participant-entete","ans.fr.terminologies"
https://smt.esante.gouv.fr/fhir/ValueSet/jdv-absent-or-unknown-allergy-cisis,20260619134042,active,"1.2.250.1.213.1.1.5.661",JdvAbsentOrUnknownAllergyCisis,JDV Absent Or Unknown Allergy CISIS,"JDV Absent Or Unknown Allergy CISIS","StructureDefinition/fr-cda-allergie-ou-hypersensibilite","hl7.fhir.uv.ips"
https://smt.esante.gouv.fr/fhir/ValueSet/jdv-absent-or-unknown-immunization-cisis,20260619134042,active,"1.2.250.1.213.1.1.5.666",JdvAbsentOrUnknownImmunizationCisis,JDV Absent Or Unknown Immunization CISIS,"JDV Absent Or Unknown Immunization CISIS","ValueSet/fr-valueset-type-vaccination","hl7.fhir.uv.ips"
https://smt.esante.gouv.fr/fhir/ValueSet/jdv-absent-or-unknown-medication-cisis,20260619134042,active,"1.2.250.1.213.1.1.5.664",JdvAbsentOrUnknownMedicationCisis,JDV Absent Or Unknown Medication CISIS,"JDV Absent Or Unknown Medication CISIS","ValueSet/fr-valueset-code-traitement","hl7.fhir.uv.ips"
https://smt.esante.gouv.fr/fhir/ValueSet/jdv-code-document-imagerie-cisis,20260619134041,active,"1.2.250.1.213.1.1.5.687",JdvCodeDocumentImagerieCisis,JDV Code Document Imagerie CISIS,"JDV Code Document Imagerie CISIS","StructureDefinition/fr-cda-dicom-technique-imagerie","LOINC"
https://smt.esante.gouv.fr/fhir/ValueSet/jdv-code-probleme-cisis,20260619134043,active,"1.2.250.1.213.1.1.5.172",JdvCodeProblemeCisis,JDV Code Probleme CISIS,"JDV Code Probleme CISIS","StructureDefinition/fr-cda-probleme,StructureDefinition/fr-cda-antecedent-familial-observe","SCT"
https://smt.esante.gouv.fr/fhir/ValueSet/jdv-completude-dispensation-cisis,20260619134041,active,"1.2.250.1.213.1.1.5.765",JdvCompletudeDispensationCisis,JDV Completude Dispensation CISIS,"JDV Completude Dispensation CISIS","StructureDefinition/fr-cda-traitement-dispense","THO (V3)"
https://smt.esante.gouv.fr/fhir/ValueSet/jdv-couverture-sociale-cisis,20260619134043,active,"1.2.250.1.213.1.1.5.125",JdvCouvertureSocialeCisis,JDV Couverture Sociale CISIS,"JDV Couverture Sociale CISIS","StructureDefinition/fr-cda-organisme-assurance-maladie","ans.fr.terminologies"
https://smt.esante.gouv.fr/fhir/ValueSet/jdv-evaluation-douleur-cisis,20260619134043,active,"1.2.250.1.213.1.1.5.499",JdvEvaluationDouleurCisis,JDV Evaluation Douleur CISIS,"JDV Evaluation Douleur CISIS","StructureDefinition/fr-cda-observation-sur-echelle-douleur","ans.fr.terminologies,SCT"
https://smt.esante.gouv.fr/fhir/ValueSet/jdv-evolution-cisis,20260619134042,active,"1.2.250.1.213.1.1.5.788",JdvEvolutionCisis,JDV Evolution CISIS,"JDV Evolution CISIS","StructureDefinition/fr-cda-evolution-effet-indesirable","ans.fr.terminologies,SCT"
https://smt.esante.gouv.fr/fhir/ValueSet/jdv-gravite-cisis,20260619134042,active,"1.2.250.1.213.1.1.5.787",JdvGraviteCisis,JDV Gravite CISIS,"JDV Gravite CISIS","StructureDefinition/fr-cda-gravite-effet-indesirable","ans.fr.terminologies,SCT"
https://smt.esante.gouv.fr/fhir/ValueSet/jdv-health-status-code-cisis,20260619134042,active,"1.2.250.1.213.1.1.4.2.283.1",JdvHealthStatusCodeCisis,JDV Health Status Code CISIS,"JDV Health Status Code CISIS","StructureDefinition/fr-cda-statut-clinique-du-patient","SCT"
https://smt.esante.gouv.fr/fhir/ValueSet/jdv-hl7-allergy-intolerance-criticality-cisis,20260619134041,active,"2.16.840.1.113883.4.642.3.129",AllergyIntoleranceCriticality,Allergy Intolerance Criticality,"Allergy Intolerance Criticality","StructureDefinition/fr-cda-criticite","hl7.fhir.r4.core"
https://smt.esante.gouv.fr/fhir/ValueSet/jdv-hl7-allergyintolerance-clinical-cisis,20260619134042,active,"2.16.840.1.113883.4.642.3.1372",AllergyIntoleranceClinicalStatusCodes,AllergyIntolerance Clinical Status Codes,"AllergyIntolerance Clinical Status Codes","ValueSet/fr-valueset-statut-du-probleme","THO"
https://smt.esante.gouv.fr/fhir/ValueSet/jdv-hl7-condition-clinical-cisis,20260619134042,active,"2.16.840.1.113883.4.642.3.164",ConditionClinicalStatusCodes,Condition Clinical Status Codes,"Condition Clinical Status Codes","ValueSet/fr-valueset-statut-du-probleme","THO"
https://smt.esante.gouv.fr/fhir/ValueSet/jdv-hl7-condition-ver-status-cisis,20260619134042,active,"2.16.840.1.113883.4.642.3.166",ConditionVerificationStatus,Condition Verification Status,"Condition Verification Status","StructureDefinition/fr-cda-certitude","THO"
https://smt.esante.gouv.fr/fhir/ValueSet/jdv-hl7-v3-ActMood-cisis,20260619134042,active,"2.16.840.1.113883.1.11.10196",ActMood,ActMood,"ActMood","StructureDefinition/fr-cda-rencontre","THO (V3)"
https://smt.esante.gouv.fr/fhir/ValueSet/jdv-hl7-v3-ActPriority-cisis,20260619134042,active,"2.16.840.1.113883.1.11.16866",ActPriority,ActPriority,"ActPriority","StructureDefinition/fr-cda-rang-de-la-vaccination","THO (V3)"
https://smt.esante.gouv.fr/fhir/ValueSet/jdv-hl7-v3-ActStatus-cisis,20260619134042,active,"2.16.840.1.113883.1.11.15933",ActStatus,ActStatus,"ActStatus","StructureDefinition/fr-cda-modalite-entree,StructureDefinition/fr-cda-modalite-sortie,StructureDefinition/fr-cda-dicom-quantite,StructureDefinition/fr-cda-rang-de-la-vaccination,StructureDefinition/fr-cda-resultat-examens-de-biologie-element-clinique-pertinent,StructureDefinition/fr-cda-liste-des-problemes,StructureDefinition/fr-cda-identification-micro-organismes-multiresistants,StructureDefinition/fr-cda-dicom-observation,StructureDefinition/fr-cda-liste-des-allergies-et-hypersensibilites,StructureDefinition/fr-cda-evenement,StructureDefinition/fr-cda-acte,StructureDefinition/fr-cda-dispositif-medical,StructureDefinition/fr-cda-dicom-quantite-subordonnee,StructureDefinition/fr-cda-demande-d-examen-ou-de-suivi,StructureDefinition/fr-cda-batterie-examens-de-biologie-medicale,StructureDefinition/fr-cda-dicom-observation-subordonnee","THO (V3)"
https://smt.esante.gouv.fr/fhir/ValueSet/jdv-hl7-v3-ActSubstanceAdminSubstitutionCode-cisis,20260619134042,active,"2.16.840.1.113883.1.11.16621",ActSubstanceAdminSubstitutionCode,ActSubstanceAdminSubstitutionCode,"ActSubstanceAdminSubstitutionCode","StructureDefinition/fr-cda-autorisation-substitution","THO (V3)"
https://smt.esante.gouv.fr/fhir/ValueSet/jdv-hl7-v3-ActSubstanceAdministrationCode-cisis,20260619134043,active,"2.16.840.1.113883.1.11.19708",ActSubstanceAdministrationCode,ActSubstanceAdministrationCode,"ActSubstanceAdministrationCode","ValueSet/fr-valueset-code-traitement","THO (V3)"
https://smt.esante.gouv.fr/fhir/ValueSet/jdv-hl7-v3-ActSubstanceAdministrationImmunizationCode-cisis,20260619134043,active,"2.16.840.1.113883.1.11.19709",ActSubstanceAdministrationImmunizationCode,ActSubstanceAdministrationImmunizationCode,"ActSubstanceAdministrationImmunizationCode","StructureDefinition/fr-cda-vaccin-recommande,ValueSet/fr-valueset-type-vaccination","THO (V3)"
https://smt.esante.gouv.fr/fhir/ValueSet/jdv-hl7-v3-AdministrativeGender-cisis,20260619134042,active,"2.16.840.1.113883.1.11.1",AdministrativeGender,AdministrativeGender,"AdministrativeGender","StructureDefinition/fr-cda-sujet-personne","THO (V3)"
https://smt.esante.gouv.fr/fhir/ValueSet/jdv-hl7-v3-MediaType-cisis,20251216141839,active,"2.16.840.1.113883.1.11.14824",MediaType,MediaType,"MediaType","StructureDefinition/fr-cda-directive-anticipee","THO (V3)"
https://smt.esante.gouv.fr/fhir/ValueSet/jdv-hl7-v3-ObservationInterpretation-cisis,20260619134042,active,"2.16.840.1.113883.1.11.78",ObservationInterpretation,ObservationInterpretation,"ObservationInterpretation","StructureDefinition/fr-cda-signe-vital-observe,StructureDefinition/fr-cda-dicom-quantite-subordonnee,StructureDefinition/fr-cda-resultat-examens-de-biologie-element-clinique-pertinent,StructureDefinition/fr-cda-statut,StructureDefinition/fr-cda-demande-d-examen-ou-de-suivi,StructureDefinition/fr-cda-resultat,StructureDefinition/fr-cda-dicom-observation-subordonnee,StructureDefinition/fr-cda-simple-observation","THO (V3)"
https://smt.esante.gouv.fr/fhir/ValueSet/jdv-hl7-v3-ObservationMethod-cisis,20260619134042,active,"2.16.840.1.113883.1.11.14079",ObservationMethod,ObservationMethod,"ObservationMethod","StructureDefinition/fr-cda-dicom-quantite-subordonnee,StructureDefinition/fr-cda-dicom-observation-subordonnee","THO (V3)"
https://smt.esante.gouv.fr/fhir/ValueSet/jdv-hl7-v3-PersonalRelationshipRoleType-cisis,20260619134041,active,"2.16.840.1.113883.1.11.19563",PersonalRelationshipRoleType,PersonalRelationshipRoleType,"PersonalRelationshipRoleType","StructureDefinition/fr-cda-antecedents-familiaux,StructureDefinition/fr-cda-sujet","THO (V3)"
https://smt.esante.gouv.fr/fhir/ValueSet/jdv-hl7-v3-xActMoodDocumentObservation,20260619134042,active,"2.16.840.1.113883.1.11.18943",XActMoodDocumentObservation,x_ActMoodDocumentObservation,"x_ActMoodDocumentObservation","StructureDefinition/fr-cda-dicom-objectifs-de-reference,StructureDefinition/fr-cda-dicom-sop-instance-observation-subordonnee,StructureDefinition/fr-cda-dicom-cadres-references","THO (V3)"
https://smt.esante.gouv.fr/fhir/ValueSet/jdv-human-substance-administration-site-cisis,20260619134041,active,"1.2.250.1.213.1.1.5.686",JdvHumanSubstanceAdministrationSiteCisis,JDV Human Substance Administration Site CISIS,"JDV Human Substance Administration Site CISIS","StructureDefinition/fr-cda-item-plan-traitement,StructureDefinition/fr-cda-traitement,StructureDefinition/fr-cda-traitement-prescrit","SCT"
https://smt.esante.gouv.fr/fhir/ValueSet/jdv-imagerie-objectif-reference-cisis,20260619134042,active,"1.2.250.1.213.1.1.5.672",JdvImagerieObjectifReferenceCisis,JDV Imagerie Objectif Reference CISIS,"JDV Imagerie Objectif Reference CISIS","StructureDefinition/fr-cda-dicom-objectifs-de-reference","DICOM"
https://smt.esante.gouv.fr/fhir/ValueSet/jdv-immunization-approach-site-code-cisis,20260619134041,active,"1.2.250.1.213.1.1.5.621",JdvImmunizationApproachSiteCodeCisis,JDV Immunization Approach Site Code CISIS,"JDV Immunization Approach Site Code CISIS","StructureDefinition/fr-cda-vaccin-recommande,StructureDefinition/fr-cda-vaccination","SCT"
https://smt.esante.gouv.fr/fhir/ValueSet/jdv-immunization-route-code-cisis,20260619134042,active,"1.2.250.1.213.1.1.5.676",JdvImmunizationRouteCodeCisis,JDV Immunization Route Code CISIS,"JDV Immunization Route Code CISIS","StructureDefinition/fr-cda-vaccin-recommande,StructureDefinition/fr-cda-vaccination","ans.fr.terminologies"
https://smt.esante.gouv.fr/fhir/ValueSet/jdv-imputabilite-cisis,20260619134042,active,"1.2.250.1.213.1.1.5.786",JdvImputabiliteCisis,JDV Imputabilite CISIS,"JDV Imputabilite CISIS","StructureDefinition/fr-cda-imputabilite-effet-indesirable","SCT"
https://smt.esante.gouv.fr/fhir/ValueSet/jdv-j368-categorie-etablissement-cisis,20260505120000,active,"1.2.250.1.213.1.1.5.823",JdvJ368CategorieEtablissementCisis,Jdv J368 Categorie Etablissement Cisis,"JDV pour le CISIS reprenant l'ensemble des valeurs actives et obsolètes de niveau 4 dans la TreR397CategorieEntiteGeographiqueExercice","StructureDefinition/fr-cda-health-care-facility","ans.fr.terminologies"
https://smt.esante.gouv.fr/fhir/ValueSet/jdv-lien-assure-beneficiaire-cisis,20260619134043,active,"1.2.250.1.213.1.1.5.126",JdvLienAssureBeneficiaireCisis,JDV Lien Assure Beneficiaire CISIS,"JDV Lien Assure Beneficiaire CISIS","StructureDefinition/fr-cda-organisme-assurance-maladie","THO (V3)"
https://smt.esante.gouv.fr/fhir/ValueSet/jdv-modalite-acquisition-cisis,20260420150250,active,"1.2.250.1.213.1.1.5.618",JdvModaliteAcquisitionCisis,JDV Modalite Acquisition CISIS,"JDV Modalite Acquisition CISIS","StructureDefinition/fr-cda-dicom-serie-imagerie,StructureDefinition/fr-cda-dicom-technique-imagerie","DICOM"
https://smt.esante.gouv.fr/fhir/ValueSet/jdv-modalite-entree-cisis,20260619134043,active,"1.2.250.1.213.1.1.5.73",JdvModaliteEntreeCisis,JDV Modalite Entree CISIS,"JDV Modalite Entree CISIS","StructureDefinition/fr-cda-modalite-entree","ans.fr.terminologies,SCT"
https://smt.esante.gouv.fr/fhir/ValueSet/jdv-modalite-sortie-cisis,20260619134043,active,"1.2.250.1.213.1.1.5.74",JdvModaliteSortieCisis,JDV Modalite Sortie CISIS,"JDV Modalite Sortie CISIS","StructureDefinition/fr-cda-modalite-sortie","ans.fr.terminologies,SCT"
https://smt.esante.gouv.fr/fhir/ValueSet/jdv-mode-de-transport-cisis,20260619134043,active,"1.2.250.1.213.1.1.5.140",JdvModeDeTransportCisis,JDV Mode De Transport CISIS,"JDV Mode De Transport CISIS","StructureDefinition/fr-cda-transport-du-patient,StructureDefinition/fr-cda-transport-du-professionnel","ans.fr.terminologies"
https://smt.esante.gouv.fr/fhir/ValueSet/jdv-modificateur-topographique-cisis,20260619134042,active,"1.2.250.1.213.1.1.5.688",JdvModificateurTopographiqueCisis,JDV Modificateur Topographique CISIS,"JDV Modificateur Topographique CISIS","StructureDefinition/fr-cda-dicom-quantite,StructureDefinition/fr-cda-prelevement,StructureDefinition/fr-cda-dicom-quantite-subordonnee,StructureDefinition/fr-cda-dicom-technique-imagerie,StructureDefinition/fr-cda-dicom-observation-subordonnee,StructureDefinition/fr-cda-dicom-observation","SCT"
https://smt.esante.gouv.fr/fhir/ValueSet/jdv-origine-effet-indesirable-cisis,20260619134042,active,"1.2.250.1.213.1.1.5.785",JdvOrigineEffetIndesirableCisis,JDV Origine Effet Indesirable CISIS,"JDV Origine Effet Indesirable CISIS","StructureDefinition/fr-cda-effet-indesirable","ans.fr.terminologies,SCT"
https://smt.esante.gouv.fr/fhir/ValueSet/jdv-participant-additionnel-resultat-cisis,20260619134043,active,"1.2.250.1.213.1.1.5.138",JdvParticipantAdditionnelResultatCisis,JDV Participant Additionnel Resultat CISIS,"JDV Participant Additionnel Resultat CISIS","StructureDefinition/fr-cda-participant-apsr","THO (V3)"
https://smt.esante.gouv.fr/fhir/ValueSet/jdv-quantite-exposition-rayonnements-cisis,20260619134041,active,"1.2.250.1.213.1.1.5.620",JdvQuantiteExpositionRayonnementsCisis,JDV Quantite Exposition Rayonnements CISIS,"JDV Quantite Exposition Rayonnements CISIS","StructureDefinition/fr-cda-dicom-quantite,StructureDefinition/fr-cda-dicom-quantite-subordonnee","DICOM"
https://smt.esante.gouv.fr/fhir/ValueSet/jdv-resultat-type-cisis,20260619134042,active,"1.2.250.1.213.1.1.5.828",JdvResultatTypeCisis,Jdv Type Resultat Type CISIS,"Jdv Type Resultat Type CISIS","StructureDefinition/fr-cda-resultats","LOINC"
https://smt.esante.gouv.fr/fhir/ValueSet/jdv-role-informateur-cisis,20260619134042,active,"1.2.250.1.213.1.1.5.824",JdvRoleInformateurCisis,Jdv Role Informateur CISIS,"Jdv Role Informateur CISIS","StructureDefinition/fr-cda-related-entity","THO (V3)"
https://smt.esante.gouv.fr/fhir/ValueSet/jdv-route-of-administration-cisis,20260619134042,active,"1.2.250.1.213.1.1.5.677",JdvRouteOfAdministrationCisis,JDV Route Of Administration CISIS,"JDV Route Of Administration CISIS","StructureDefinition/fr-cda-item-plan-traitement","ans.fr.terminologies"
https://smt.esante.gouv.fr/fhir/ValueSet/jdv-signe-vital-cisis,20260619134043,active,"1.2.250.1.213.1.1.5.171",JdvSigneVitalCisis,JDV Signe Vital CISIS,"JDV Signe Vital CISIS","StructureDefinition/fr-cda-signe-vital-observe","LOINC"
https://smt.esante.gouv.fr/fhir/ValueSet/jdv-social-history-code-cisis,20260619134042,active,"1.2.250.1.213.1.1.4.2.283.4",JdvSocialHistoryCodeCisis,JDV Social History Code CISIS,"JDV Social History Code CISIS","StructureDefinition/fr-cda-habitus-mode-de-vie","LOINC"
https://smt.esante.gouv.fr/fhir/ValueSet/jdv-sop-class-cisis,20260619134042,active,"1.2.250.1.213.1.1.5.689",JdvSopClassCisis,JDV Sop Class CISIS,"JDV Sop Class CISIS","StructureDefinition/fr-cda-dicom-sop-instance-observation,StructureDefinition/fr-cda-dicom-sop-instance-observation-subordonnee","Other"
https://smt.esante.gouv.fr/fhir/ValueSet/jdv-specimen-type-cisis,20260619134042,active,"1.2.250.1.213.1.1.5.819",JdvSpecimenTypeCisis,JDV Specimen Type CISIS,"JDV Specimen Type CISIS","StructureDefinition/fr-cda-prelevement","THO (V3),THO (V2)"
https://smt.esante.gouv.fr/fhir/ValueSet/jdv-statut-document-cisis,20260619134043,active,"1.2.250.1.213.1.1.5.93",JdvStatutDocumentCisis,JDV Statut Document CISIS,"JDV Statut Document CISIS","StructureDefinition/fr-cda-statut-document","SCT"
https://smt.esante.gouv.fr/fhir/ValueSet/jdv-technique-biologie-cisis,20260619134042,active,"1.2.250.1.213.1.1.5.789",JdvTechniqueBiologieCisis,JDV Technique Biologie CISIS,"JDV Technique Biologie CISIS","StructureDefinition/fr-cda-resultat-examens-de-biologie-element-clinique-pertinent","Other"
https://smt.esante.gouv.fr/fhir/ValueSet/jdv-type-directive-anticipee-cisis,20260619134043,active,"1.2.250.1.213.1.1.5.136",JdvTypeDirectiveAnticipeeCisis,JDV Type Directive Anticipee CISIS,"JDV Type Directive Anticipee CISIS","StructureDefinition/fr-cda-directive-anticipee","ans.fr.terminologies,SCT,LOINC"
https://smt.esante.gouv.fr/fhir/ValueSet/jdv-type-evenement-indesirable-previsible-cisis,20260619134042,active,"1.2.250.1.213.1.1.5.794",JdvTypeEvenementIndesirablePrevisibleCisis,JDV Type Evenement Indesirable Previsible CISIS,"JDV Type Evenement Indesirable Previsible CISIS","StructureDefinition/fr-cda-allergie-ou-hypersensibilite","ans.fr.terminologies,SCT"
https://smt.esante.gouv.fr/fhir/ValueSet/jdv-type-motorisation-cisis,20260619134042,active,"1.2.250.1.213.1.1.5.801",JdvTypeMotorisationCisis,JDV Type Motorisation CISIS,"JDV Type Motorisation CISIS","StructureDefinition/fr-cda-transport-du-professionnel","ans.fr.terminologies"
